lon,lat,870603,870604,870605,870606,870607,870608,870609,870610,870611,870612,870613,870614,870615,870616,870617,870618,870619,870620,870621,870622,870623,870624,870625,870626,870627,870628,870629,870630,870701,870702,870703,870704,870705,870706,870707,870708,870709,870710,870711,870712,870713,870714,870715,870716,870717,870718,870719,870720,870721,870722,870723,870724,870725,870726,870727,870728,870729,870730,870731,870801,870802,870803,870804,870805,870806,870807,870808,870809,870810,870811,870812,870813,870814,870815,870816,870817,870818,870819,870820,870821,870822,870823,870824,870825,870826,870827,870828,870830,870831,station.id
-91.404,39.933,35.25,49.42857143,53.375,58.375,70.25,69.5,30.75,41,28,46.5,52.375,56,64.75,69.25,67.5,75,47,52.125,52.5,59.625,40,63,47.75,35.125,39.625,43.85714286,46.25,27.25,42.5,46.125,50.25,47.25,34.5,27,30.75,30.75,34.5,29.71428571,36.625,35.25,26.125,32.125,39.57142857,51.75,47.16666667,35.5,35.5,44.625,48.875,62.125,52,54,49.625,52.125,56.125,53.625,53.625,56.25,58.28571429,72.125,56.625,58.5,34.625,45.75,62.875,58.85714286,39.875,34.5,42.42857143,47.75,66.25,45,34.25,37.75,40,47,41.625,36.625,48.625,45.75,32.375,31.25,30.75,30.25,34,15.375,34.85714286,43.14285714,26.875,170010006
-88.23,40.124,46.625,52.5,60.125,70.375,66.5,68.875,41.75,56.75,57,53.25,52.75,61.5,96.625,67.5,83.375,84.25,45.625,49.625,47.625,54.125,51.6,68.14285714,48.375,37.25,40.375,49.57142857,58.75,33.125,37.25,56.5,58.375,51.75,34.75,39.25,45.5,30.75,28.625,40.75,42.75,40.5,19.125,38.5,34.57142857,38,73,71.125,49.875,59.375,73.5,83.625,69.75,41.28571429,53.25,50.25,24.25,45.875,58.375,48.25,22.85714286,45.125,58,52.5,42.14285714,39.75,58.75,67.5,56.375,34.625,47.57142857,52.375,62.71428571,58.625,41.875,40.375,48.125,39.375,49.125,37.875,64.28571429,48.125,35.75,33.25,36,19.75,57.25,7.875,34.125,47.85714286,32.5,170190004
-87.546,41.757,34.5,23.875,51.125,65.375,66.625,72.625,29,35.625,46.625,51.375,91.875,88.875,34.875,39.375,83.125,90.875,61.75,62.625,43.75,27.375,50.625,78.66666667,42.625,26.875,27.5,43.625,31.5,20.875,35.875,50,54.25,39.375,23.25,75,44.125,49.625,33.5,37.75,36.375,39,6.875,29.75,21.875,41.5,56,59.625,49.875,56.75,80.75,70.125,77,30.25,47.875,37.375,25.875,31.875,60.8,83.25,34.25,38.5,66.75,54.875,28.375,19.125,50.625,69,15.125,24.125,38.875,41.875,57,59.5,29.875,41.375,33.75,31.75,23.125,32.5,47.75,31.75,21.125,21.5,17.625,1.375,8.285714286,28.75,35,46.625,27,170310032
-87.671,41.978,44.25,29.25,53.375,70,77.375,65.875,34.875,36.125,59.5,61,92.625,98.125,38.875,NA,87.75,127.4285714,73.14285714,62.125,45.2,28.375,44.375,27,41.16666667,31.625,33,47.625,34.875,24.375,39.125,48,53.875,42.75,28.25,79,55.125,60.57142857,41.5,48.5,52.375,46,9.125,28.25,26.125,45.125,62.625,66.375,60.25,63.25,77.75,80.375,92.625,55.5,49.375,41,19.5,29.125,62.6,73.25,51.57142857,53.5,62.625,65.25,28.5,21.25,51,69.875,22.125,31.375,38.25,41.125,47.5,57.5,22.42857143,48.75,40.5,36.5,23.25,35.875,49.5,35.375,22,25.375,15.625,8.5,2.375,15.125,29.625,43,29.75,170310037
-87.568,41.708,28.71428571,21.375,46.375,64.375,61.875,60.14285714,29.375,37.71428571,32.25,29.5,65,68.875,38.875,45.125,80.375,104.5,59.625,46.75,42.5,22.625,48.375,79,38.625,26.375,30.625,48,32,16,32.75,45.57142857,59.375,42.375,26.5,61.75,43.125,49.125,32.375,37.125,35.25,38.625,9.5,34,25.125,36.75,57.25,63.125,47.5,50.875,57.125,67.625,71.625,6.125,NA,NA,NA,NA,NA,NA,NA,NA,NA,NA,19.5,15.125,41.5,46.125,8.75,12.375,19.875,20.25,27.5,36.5,7.375,20.375,15.625,14.875,8,21.875,37.375,26.125,15.625,18.75,11,4.5,6.25,15.75,23.625,40.875,21.625,170310050
-87.726,41.739,33.5,21.875,42.25,52.375,53.625,53.625,16.875,31.375,35,42,52.125,51.5,19.75,27.125,66,86.25,53,44.625,42.375,24,53.25,95.875,44.25,31,32.375,47.25,36.125,15,34.125,62.85714286,55.125,42.125,29.25,59.5,47,52,37.125,41.375,46,45.25,9.75,29.75,30.375,46.625,61.25,59,54.5,61.75,55.625,76.5,77.25,46.5,81.25,50.875,18.25,35.5,66.6,77.5,41.375,60.5,67.375,59.375,28.75,22.375,54.625,64.875,16,28.625,40.375,42.125,61.25,60.125,16.125,39.71428571,34.5,33.375,15.75,38.125,49,41.125,24,31.875,17.625,6.75,3.5,4.5,31,44,27.125,170310053
-87.558,41.616,40.875,30.25,53.75,67.5,70.875,74.75,32.28571429,54.875,47,49.25,81.625,77.875,32.625,60.125,75.6,93.25,56.875,46.25,44.5,25.375,59.875,74.75,45.75,31,30.625,43,31.5,14.85714286,31,56.71428571,53.5,41.75,28,51.75,44,44.75,30.125,39.5,34.625,42.75,8.375,36,25.625,43,56.75,58.125,48.5,50.125,65,66.5,75,39.375,61.375,51.375,19.75,30.625,48.4,72.875,29.5,43.25,65.875,49.75,29.125,26.75,55.125,61.375,18.25,27.75,47.8,47.375,68.25,63.5,25.125,41.33333333,38.25,40.125,21.875,38.75,47,37.625,27.25,30.25,23.2,8,5.8,20.375,28.625,41.125,25.5,170311002
-87.792,41.984,36.625,32.42857143,52.75,67.875,65.375,64.875,38.125,40.875,36,50.875,86,69.25,34.375,48.75,83.75,95.5,56,76,50.625,32.5,53.25,97.875,45.625,31.125,33.25,44,25.125,22.75,47.125,58.14285714,56.125,46.875,25,73.75,44.875,54.625,38.25,42,42.625,43.375,9.625,35.375,32,52.875,60.5,64.5,56.375,52.25,59.625,59,79.375,42.5,75.875,46.25,22.625,38.25,63.4,83.25,37.75,81.75,68,61.875,32.125,30,53.375,65.125,15,28.5,47.5,41.75,59.5,58.875,19.875,44.875,41,39,19,38.25,46.625,32.75,28,30.5,21.875,3.75,0.875,17.375,40,37.875,32.25,170311003
-87.99,41.668,40.25,39.5,54.5,74.375,66.125,68.25,38.375,55.625,54.875,52,68.625,63.25,45,69.25,74.75,89.875,56.5,49.375,46,42.875,80.125,80,46.5,28.625,29.25,42.75,35.5,20.5,32,58.42857143,44.5,47.875,28.5,54.25,45.125,43.25,38.625,38,45.875,41,8.75,30.875,31.25,40.375,57.125,57.75,48.875,41,38.375,72,76.875,39.75,70.125,50.25,12.75,26.875,63.2,41.875,36,64.125,51.75,52,27.5,25.375,44.25,45.25,12.5,21.125,36.125,45.25,64,63.5,28.625,42,38.5,34.375,19.875,33.75,47.25,41.875,23.75,35.75,29.75,23.25,14.75,7.75,38.625,42.5,26.375,170311601
-87.753,41.855,25.875,16.875,47,64,64.125,60.875,30.25,37.5,40.625,45.42857143,79.125,79.5,33.875,48,89.75,100.875,64.25,60.25,45.125,27,52.75,93.125,42.42857143,31,34.375,49.875,33.75,18.25,42.5,62.14285714,57.75,46.25,27.75,70,52.25,56.875,41.25,44.125,49.75,48.125,10,30,27.375,44.875,62.25,60.75,58.75,62.25,61.25,79.25,81.125,49.5,87.125,49.625,19.5,32.25,65.6,90.75,36.875,81.25,73.875,65.5,32.875,30.25,53.83333333,66.5,12,33,46.75,43.875,56.125,65,20.375,50.57142857,46,38.5,21.875,38.375,52.5,40,28.25,33,21.75,6.125,3,11.625,38.625,45.625,28.25,170314002
-87.898,42.039,36.75,36.875,52.625,73.875,68.5,60.375,34.625,35.875,43.75,47.5,72,67.5,34.625,53.375,97.25,87.25,48.625,65.25,44.375,30.42857143,50,81,43.75,30.25,30.75,43.375,29.625,16.375,39.125,62.42857143,48,40.125,27.875,70,52.375,57.75,47.125,48.25,49,48.875,13.375,33.875,32.375,54.5,65.5,72.875,59.625,59,60.75,66.125,84,48.5,75.5,47.5,22.125,43.125,67.8,73.25,47.625,71.75,66.75,73.875,35.75,32.25,57,67.5,17.125,31.625,47,50.125,65.75,63,17.4,NA,NA,33.25,29.25,40.875,53.25,47.28571429,29.75,32,23.125,6.125,2.875,13.5,32,37.75,28.125,170314003
-87.676,42.062,40.75,37,62,75.125,70.375,72.875,39.5,45.25,47.375,51.125,91.25,98,31.75,45.375,91.28571429,112.375,78.25,63.125,59.125,46.875,71.125,107.75,49.75,31.375,31,41.71428571,38.25,46.625,54.5,60.25,47.375,47.75,38.75,73.875,57.625,79,50.33333333,49.25,49.875,45.75,14.375,39.75,31.75,54.875,76.66666667,65.375,56.375,60.75,81,67.75,89.375,55.28571429,41.875,43.375,27.33333333,40.375,61.5,71,57,60.375,66.25,75,33.625,28,61.375,75.375,35.625,31.5,51.42857143,59.375,62.25,74.75,36.125,49,45.125,37,37.875,36.875,65.875,38.25,28.5,32.125,28.375,24.375,9,30.375,43.125,41.28571429,31,170317002
-88.073,41.813,38.375,39.25,54.375,74.625,71.25,58.57142857,37.25,54.75,48,49.875,67.125,67.5,35.375,73.5,77.875,91.375,57.25,46,48.25,46.42857143,78.25,76.25,43.85714286,29.75,29.375,42.28571429,33.25,24.5,46.125,57.375,49.875,56.875,32.375,49.57142857,43.5,47.25,39.125,37.625,NA,NA,12.75,34.625,36.28571429,46.625,59.83333333,62,51,44.875,49.625,57.5,72.5,44.28571429,69.25,58.5,23,28.625,46.875,49.75,35.71428571,NA,NA,NA,NA,NA,NA,NA,NA,NA,47.66666667,48.875,68.125,54.875,22.125,41.5,35.875,35.375,20.75,34,45.5,34.375,23.875,27.625,21.875,10,3.25,10.57142857,38.75,39,29.625,170436001
-88.549,39.067,48.625,62.25,71.625,83.375,79,91,48.5,57,60.125,57.875,71,79.375,77.375,77.875,70.28571429,88.25,48.125,52.25,65.5,59.75,61.875,67.125,60.75,47.75,43.25,46,NA,69.625,46.125,63.375,59.625,61.75,32.5,35.875,42.25,37.875,34.75,37.5,43.375,33.75,27.125,43,56,50.625,61.2,76.75,59.625,69.125,65.71428571,75.125,67.5,48.85714286,46.875,54.25,43.875,58.5,53.14285714,48.75,67.85714286,66.625,74.875,54.625,40.85714286,43.5,55.625,66.125,60.125,42.625,47,53,71.25,51.625,61.875,45,52.625,48.75,69.42857143,43.625,73.625,60.875,56.375,35.75,37,38.125,60.25,13.375,40.75,50.28571429,39.5,170491001
-88.273,42.05,38.875,42.42857143,52.875,73.125,70.75,NA,NA,60.75,45.5,50.125,63.625,67.25,38,72,91.25,89.125,64.25,63.5,45.375,45.5,68.5,80.75,46.28571429,33.4,31.125,45.625,39.42857143,44.125,46.875,59.625,48.25,54.375,28.875,52,51.33333333,54.125,52.625,41.25,NA,NA,14,34.125,34.57142857,53.875,66.33333333,63.875,49,47.75,51,61.875,78.5,49.14285714,60.75,54.375,25.75,37.875,50.75,52.125,54.85714286,67.875,55.25,54.875,40.375,32.125,53.625,60,18.125,22.375,43.125,57,70.875,63.125,33.375,46.5,47.5,35.5,27.75,34.75,51.75,42,26.75,27.5,24.625,9.125,0.25,12.875,30.71428571,38.14285714,29.375,170890005
-87.865,42.177,41.875,37,57.25,77.5,73.75,61.625,40,44.125,48.625,59.125,94.125,69.625,39.875,57.5,85.25,115.125,81.85714286,73,32.14285714,48,54,124.125,46.375,33.75,34.75,49.14285714,45.125,42,41.75,60.875,60,45,33.5,68.25,61.5,73.125,51.875,46.75,51.75,47.875,14,35.875,35,52.75,78.8,74.5,59.625,61.5,67.625,66.75,84.375,52.42857143,67,42.875,27.875,44.25,61.75,65.125,46.42857143,92.375,64.875,72.5,33.75,31.5,64,73.875,28,26.875,42.14285714,46.125,58.5,63.875,NA,NA,NA,33,32,32.5,56.75,39.375,26.375,28.75,24,11.75,4.125,24.125,37.25,42.5,32.375,170970001
-87.847,42.391,43.75,36.125,55.375,81.875,75,56.875,40.75,46,47.125,56.875,94.75,81.5,40.875,52,85.75,140.875,96.375,64.375,59,43,55.125,125.25,40.625,33.125,29.33333333,NA,45.5,48,56,NA,NA,NA,NA,74.75,57.875,69,45.25,42.125,46.5,41.875,13.875,34.42857143,32.66666667,49.14285714,88.83333333,74.125,51.625,56.375,76.875,85.375,85.875,54.28571429,54,35.75,27.375,37.125,60.875,63.25,62.85714286,71.375,58.625,82.875,31,29.625,70.28571429,65,33.75,31.5,45.14285714,49.5,61,61.25,34.375,51.625,40.875,36.875,32.875,37.25,64.375,45,27.125,25.5,27,15.625,7.125,27.75,32.25,42.5,31.57142857,170971002
-87.982,42.29,38.75,40.75,53.25,74.125,71.75,54.125,39.125,43.125,50.875,54.5,73.875,66.75,38.375,60.375,91.375,115.75,84.625,79.875,52.75,48,54.75,118.125,45.5,30.5,32.25,46.28571429,43.875,40.875,42.28571429,59.25,48.375,37.375,30,62.875,50.375,59.875,48.5,44.25,49,44.625,13.75,34.875,37.66666667,54.375,72.4,72.875,52,NA,59,62.375,82.25,52.66666667,69.125,45.5,30.25,48.375,60.25,67,60.14285714,88.375,52.75,63.125,36.875,34.125,70,69,32.375,34,43.42857143,49.625,61.875,55.125,32.25,52.375,48.375,37.5,32.125,33.28571429,58.5,44.375,28.375,29.625,29.625,16,8.428571429,25.375,34.75,44.5,33.625,170973001
-88.241,42.221,40.875,46.25,58.25,75.125,73,55.5,41.25,47.125,47,56.625,67.625,44,39.875,68.875,104.125,98,80,76.25,48,50,61.5,61.25,30.125,32.125,34,46.14285714,44.25,43.75,47.5,61.75,52.75,47.5,33,51,52.5,58.5,51.5,43.75,46.125,44.375,18.375,39.875,40.83333333,70.125,71.66666667,68.25,49.125,49.375,56.25,64.375,81,51.42857143,58.5,49.25,33.375,44.125,49.625,64.125,65,65.875,51.875,54.25,38.28571429,31.75,53.375,59.25,24.5,29.125,43.42857143,54.5,67.375,50.5,33.125,45,41.25,33.625,30.375,32.125,51.75,44.625,29.25,29.5,27.375,12,4.625,22.5,31.75,39,30.375,171110001
-88.926,39.867,40.5,51.14285714,58.875,81.75,64.125,68.75,32.75,52.625,44,49.5,55,55.125,72.83333333,68.625,72.375,87.375,47.25,46.625,50,66.25,56.5,67.25,47.625,33.875,37.375,38.5,NA,38.25,39.5,51.875,56,50,30.75,27.375,35.5,32.375,25.75,43.625,40.375,37,24,38.5,43.42857143,46.125,62.8,59.5,50.75,58.375,66.25,81,69.875,39.85714286,58.625,60.5,38.25,42.57142857,57.375,NA,NA,NA,NA,NA,30.66666667,37.375,53.375,73.875,58.125,35.125,42.33333333,45.75,63.625,60.125,35.375,28.625,39.16666667,33.875,46.16666667,37.5,63.5,54.75,36.25,31.625,38.75,23.625,46.5,5.75,29.875,45.28571429,32.875,171150013
-89.811,39.401,46.375,58.875,70.625,102.125,76.875,78,32.125,57.375,49.625,47.875,60.625,67.125,71.625,79.75,89.33333333,89.375,56.625,62,61.125,68.125,51.125,68.625,52.625,34.125,46.25,42.5,NA,48.75,43.125,75.71428571,61,67.5,28.125,27.875,40.125,44.375,46.375,55,43.5,30,19,37.375,49.57142857,57.875,71.8,73.875,74.625,71.125,95.375,84.125,66.57142857,59.85714286,74.375,65.25,55.5,59.875,64.625,78.625,58.42857143,68.75,60,66.5,30.75,51.125,63.5,76.625,74.875,33,34.16666667,53.625,77.5,59.625,47,45.25,64.375,46.625,58.125,44.375,70.375,88.375,46,38.25,42.875,35.5,58.875,15.375,42.125,48.85714286,37.75,171170002
-90.148,38.89,47.75,59.5,71.75,105.5,87.625,76.875,71.25,53.125,39.6,48,55.75,66.25,66,79.625,76.125,82.875,40.75,65.5,48.5,49.75,43.25,65.375,55.625,45.375,45.875,48.28571429,61.375,62,49.75,74.875,65.5,47.5,29.875,29.25,28.5,42.25,53.625,50.625,52.125,36.875,28.42857143,43.25,47.28571429,61.125,50.83333333,NA,66.375,73.25,92.125,67.16666667,48.75,53.14285714,75.875,90.75,57,69.25,81.375,76.875,70.57142857,53.75,59.625,62.25,33,55.625,59.125,97.125,67,35.75,52.57142857,54,74.5,42.25,35.25,36.875,56.625,45.375,48.25,40.625,57.25,64.875,46.5,31.75,42,45.25,61.125,11.625,39,48.85714286,33.375,171190008
-89.959,38.726,46.875,56.875,72.125,90.625,84.375,87.375,64.375,44,44.375,58.5,68,66.875,69.75,68.5,70.125,76.75,42.42857143,55.125,66.5,71.375,57.125,65.875,59.875,44.625,46.125,49.28571429,72,76.125,46.625,64.875,57.125,45.75,27,36,39.375,33,47.75,47.625,47.25,27.125,27.375,41.375,54.42857143,60.5,52.83333333,NA,60,72.5,81,67.875,48,39.71428571,52.5,63.25,52.875,63.625,68.125,64.42857143,58,77.875,63,59.125,41.25,54.25,59.375,80.125,68.625,35.875,47.8,51.375,63.125,42.25,37,36.75,47.875,43.125,54.75,55.25,64.5,61,49.75,32.25,37.625,47.5,55.75,11.625,34.25,46.71428571,32.625,171191009
-90.04,38.793,46.25,57,70.25,97.75,87.625,83.625,66.625,48.625,44.875,53.625,46.375,61.5,64.875,71.125,73.875,78.75,42.5,58.625,59.75,55.125,37.66666667,69.5,57,42.5,43.125,50.85714286,63.875,68.25,46.625,70,68.25,45.125,29.625,36.375,38,37.25,49.125,50.375,52.125,35.25,26.75,41.75,51.14285714,63.75,54.83333333,NA,61.375,76.5,75.375,75.125,54.5,48.28571429,68,75.75,56.5,72.14285714,72.125,71.5,66,73.5,60.875,57.875,32.57142857,54.875,61.5,89,78.125,38.5,52,56.25,70.625,49,41.25,41,50.125,47.25,50.375,51.14285714,77.5,68.875,50.5,35.375,43.625,37.33333333,62.125,11.875,34.125,50.57142857,32.125,171192007
-90.106,38.861,47.25,59.375,66.25,105.75,86.5,74.28571429,68.75,49.875,42.125,42.75,44,53.75,62.75,77.25,72.5,78.875,38.75,65.875,49.5,55.125,40.75,65.875,57.625,45.75,45.5,55.14285714,64.125,54.875,38,87,70.5,49.125,28.375,28.375,29,39.875,50.75,49.25,53.375,34,27.625,44.5,42.85714286,65.75,59.66666667,NA,69,84.14285714,85.75,68.5,44.75,46.85714286,77.375,95.5,48.375,64,63.625,65,54.71428571,54.375,45.375,41.875,28,54.125,64.75,101.875,76,31.625,49.83333333,48.75,75.57142857,44,36.125,37.875,49.875,43.75,45.75,36.125,72,65,43.5,32.125,41.25,42.5,55.42857143,12.375,38.375,50,34.875,171193007
-90.16,38.33,47.5,60.75,84.375,88.625,83.625,60.625,73.625,41.25,47.625,47.25,63.125,72,52.25,97.5,60.5,59,46.375,50.5,61.5,71.375,82.125,62.875,60.5,53.875,53.75,52.71428571,64.625,68,51.875,64.5,59.75,41.75,31,33.875,38.625,31.375,35.25,38.75,41.875,33,33.625,55.75,50.57142857,55.5,53.16666667,60,58,64.5,74.875,66.375,50.75,42.71428571,57.875,58.625,72.75,55.125,72.625,69.125,63.57142857,77.125,58.25,84.375,55.25,57.75,70.625,69.375,63.125,NA,48.33333333,51.25,56.75,44.5,43,37.75,43,64.25,56.125,59.125,68.125,61.375,58.125,36.875,43.25,61.625,55.5,15.16666667,46.875,48.28571429,38.625,171332001
-89.608,40.688,38.25,49.5,57.5,64.125,68.25,71,36.625,50,42.5,51.125,57.625,57.375,102.75,74.875,71.375,87.75,44.875,45.375,48.5,56.375,59.75,93.5,45.75,30.375,36.875,37.28571429,44,27.375,35.875,49.5,50.5,55,29.25,19.375,42.25,24.25,28.75,34.875,40.625,34.875,19.125,34.375,40.71428571,45.75,64,59,33.875,42.25,59,44,54.875,34.57142857,67.875,60.125,40.625,35.125,43.875,50.75,37.71428571,62.375,60.25,49.125,32.5,38.125,42.25,58.25,35.5,31.375,40.75,49.5,58.75,53.125,29.625,32.375,28.375,40,39.25,37.375,53.5,48,26,30.625,30.5,20.5,25.125,8.625,35.25,41.85714286,32.5,171430024
-89.586,40.746,40.75,54.25,61.625,72.25,75.125,78.25,41.375,55.625,49.125,58.375,66.125,63.75,105.25,84.125,83.25,100.75,58.5,60,55,59.5,67.875,109.25,57,36.5,42.625,50,52.25,36.125,43.75,63.875,55.75,62,38.125,25,54,38.75,47.75,45.625,45.25,39.125,22.375,39.25,45.57142857,54.625,80.66666667,69.375,51.375,59.375,71.5,68,74,49.42857143,72.75,64.375,48.875,47.875,56.625,68.125,41.28571429,73.125,67.125,61.875,36.875,40.85714286,49.25,78.5,42,34.25,47.14285714,51.83333333,69.75,64.75,43.25,30.625,34.625,45,44,42.57142857,66.5,58.375,30.75,34.375,38.125,28,34,16.75,43.75,47.57142857,36.875,171431001
-90.514,41.512,40,47.75,58.625,68.5,73.25,56.125,32.5,31.375,45,49,59.625,58.875,58.375,70.625,80,76,58.75,45,60.625,54.375,62.75,62.75,48.5,31.75,33.625,31.71428571,9.125,28.375,33.25,37.125,45,53.25,40,48,42.875,42.75,46,41.75,43.125,37.75,25.875,34.625,39,47.625,60.83333333,49.375,47.625,44.625,57,55.875,63.5,53.42857143,63.5,61.625,41.25,48.5,52.125,56.125,70,56.625,54.25,50.125,32.875,34.625,57.14285714,58.75,34.875,34,35.28571429,44.5,58.75,41.375,32.625,43.5,45.5,43.125,33.125,35,44.375,51.75,23.5,29,22.75,15,1.125,11.71428571,31.75,33.57142857,32.5,171610003
-90.16,38.612,37.14285714,47.125,69,81.75,79,72.75,58.5,41.57142857,30.42857143,41.25,73.125,70.125,55.75,68.5,61.375,58,34.625,40.75,55,63.75,55.125,57.75,39.83333333,34.375,42.125,42.85714286,56.625,51.375,32.875,41.8,42.5,27.125,16,19.75,23.375,21.5,30,35.375,37.125,28.625,19.5,32,47.33333333,48.25,46.5,52.75,49,61.375,60.75,61.875,41.375,37.28571429,62.375,66.75,56.625,49.25,64.125,83,65.14285714,82.375,64.75,86,32.125,55.875,62.42857143,73.75,54,NA,42.33333333,40.25,53.125,36.8,34.875,33.25,39.625,43.125,45.875,58.57142857,53.75,49.25,44.25,25.375,31,38.57142857,41.75,7,29,35.42857143,23,171630010
-89.606,39.844,45.125,57.5,62.625,92.5,76.125,81.5,40.5,51.125,56.375,56.375,63,62.875,82.75,76.25,64.5,89.5,46.875,59.25,64.5,69.625,50.625,76.25,55.375,38.75,45.25,33.5,NA,39.875,43.5,63.125,69,59,43.875,43,50.25,42.5,52.75,59,50.875,42.75,29.375,40.875,50.57142857,44.375,64.8,76.75,74.5,59.625,61.125,75.125,65.875,58.57142857,80,69.125,48.375,50.625,63,72.125,52.14285714,77.125,66,58,38.375,42.125,47.2,67.33333333,65.375,42.5,37.25,56.125,64.28571429,63.25,50.75,59.375,68.375,41.25,38.625,40.375,59.5,74.42857143,NA,36.25,40.875,26.625,57.375,12.375,42,50.28571429,38.125,171670010
-88.049,41.592,42.75,44.375,57.875,80.5,74.375,68,41.375,59.125,53.625,53.375,85.25,65.125,46.5,87,81.5,91,64.875,50.125,48.25,45.875,92.5,90.125,51.42857143,32,32.875,45.85714286,42.625,27.625,43.75,64.25,50.875,57.25,35.625,53.375,48.625,50.75,43.25,41.125,NA,NA,17.25,36.25,37.42857143,42.875,66.83333333,62.5,50.375,56.75,66.75,78.125,80.5,51.42857143,67.625,53.625,26,34.25,52.25,52.5,49.83333333,75.75,52.75,53.25,41.375,44.25,56.75,65,29.375,25.5,56,49,63.875,67.125,34.125,44.75,42.875,37.375,31.125,37.625,55.625,47,28.625,32.125,29,22.375,14.625,7.25,26.125,27.42857143,29.625,171971008
-89.077,42.288,39.25,43.625,56.625,78.625,76.375,50.125,47.875,57.875,45.375,55.5,68.375,62.375,49.875,94.25,85.875,83.5,73.5,72.375,40.375,56.5,71.625,74.375,47.28571429,31.25,33.75,46,41.875,45.625,41.875,66.75,43.125,54.375,40.25,53.125,51.875,56.5,53.25,36.25,47.875,41.5,17.125,34.5,44.16666667,56.75,71.66666667,70,50,50.375,61.71428571,62.875,68.625,36.5,55.625,57.25,19,36.5,61,71,56.85714286,72.875,44.5,57.375,27,34.5,51.375,50,39.125,29.5,49.28571429,56.25,59.125,53.28571429,35.625,52.66666667,NA,NA,NA,NA,52.33333333,44.125,24.25,24.625,22.75,13.5,3,18,29.625,37.5,28.125,172010009
-89.037,42.335,40.5,45,59,80.125,77.5,52.375,51.28571429,60.625,46.625,55.625,70.125,60.75,51,93.625,87.875,83.5,79.625,78.875,41.375,56.5,73,75.625,50.25,33.25,35.25,46.85714286,43.125,47.75,44.75,70.375,44.375,56.875,41,56.75,54,57.125,52.375,38.375,48,41.125,19.5,34.125,44.16666667,56.875,72.33333333,70.125,49.375,49.75,66.125,62.875,69,57,53,51.75,22.375,35.875,57.5,72.375,56.71428571,70.625,42.375,52.75,40.625,35.375,53.14285714,50.375,37.75,28.25,51.42857143,58.75,60.375,53.25,34.875,49.375,46.125,36.125,37,35.375,50.5,45.375,28.75,28.25,27.875,19.75,10.875,23.375,32.75,38.33333333,32.125,172012001
-85.018,41.22,49.71428571,34,52.5,53.25,63,68.25,32.625,45.875,52.75,35.875,52.5,57.875,54.125,46.16666667,61.625,60.5,73,37.75,46.5,41.875,50.125,65.625,60.125,35.75,25,38.625,56.625,40.125,28.25,44.875,49.28571429,34.5,36.875,36.625,50,38.5,35.75,37.25,11.75,32.125,29.25,30,24.375,42,61.71428571,67,51.625,43.75,48.375,68.25,68.71428571,55.375,45,36,34.71428571,56.375,62.625,48.5,61.375,52.875,56.125,45.125,43.625,28,48.25,59.875,42.625,38,37.14285714,46.57142857,52.5,67.375,64.25,59.125,64.125,36.42857143,50.5,42,52.125,42.75,39.5,30.25,29.5,21.125,28.875,3,21.71428571,48.625,32,180030002
-85.102,41.095,49.57142857,46.375,58.75,64.125,74,81.625,42.625,57.375,63.57142857,43.625,60.71428571,NA,NA,70,76.375,73.625,87.875,46.5,62.25,56.25,58.5,82.375,78.5,50.25,39,54.25,53.625,33.25,39.85714286,56.5,58.16666667,43.5,43.75,46.25,57.125,50.5,44.25,51.25,24.375,47.875,40.2,NA,NA,52.5,69.42857143,76.5,60.375,51.625,41.375,NA,77.25,65.5,53.375,45.25,36.5,69.71428571,68.875,59.5,64,54.375,66.875,64,49,32.25,58,68.75,51.625,43.375,40,43.5,67,78.875,75.25,71.125,80.125,44.125,55.125,49.75,64.25,44.75,44.875,36.375,42.33333333,22,34.875,7.125,21.33333333,55.875,34.75,180030004
-85.289,40.981,53,44,56.625,66.25,68.75,74.83333333,39.875,53.375,56.5,38.75,50.5,58,81.25,60.125,78.25,73.75,76.75,32,52.125,48.28571429,54.5,84.75,66,47,34.5,46.75,47.25,35.375,35,52,52.75,42.625,31.875,38.57142857,47.75,41.75,34.625,41,15.875,38.25,35.625,31.875,25.125,41.125,59.75,68.375,52.25,43.14285714,NA,81,82.71428571,67,47.5,39.375,31.75,58.5,61.375,46.75,48.42857143,37.875,57.875,54.375,44.25,31.5,50.375,61,45.375,33.875,38,35.5,62.25,65.875,68.625,62.875,71.125,40.125,52,43.875,55,36.5,41.125,33.75,34,16.375,32,8,19.42857143,52,34.42857143,180030006
-85.668,38.376,42.5,NA,NA,NA,NA,NA,NA,NA,57.25,27.875,60.875,70.875,63.75,66.875,58.25,48,NA,NA,NA,NA,NA,NA,NA,NA,NA,NA,NA,NA,26,43.875,72.14285714,73.625,33.5,33.71428571,39.75,38.875,18.2,28.625,33.125,6.125,16.14285714,36.375,34.375,41.25,58,74,78.25,75.125,68.66666667,NA,NA,NA,27.5,56.875,49.125,39.83333333,NA,51.25,55.375,NA,NA,52.5,40,33,50.42857143,64.125,65.625,57.625,42.5,49,62.375,57.5,63.25,71,65.375,41.125,61.875,57,59.42857143,45.375,72.125,30.625,28,29.375,55.125,48.125,21.25,55.71428571,36.5,180190003
-86.001,40.056,51.375,50.28571429,60,79.25,80.875,74.875,39.5,54.125,60.625,37.125,57.75,76.5,98.57142857,62.71428571,82.75,78.85714286,55.14285714,40.375,55.625,58,55.375,60.25,71.875,44.875,39.5,49.375,64,54,32.57142857,52.5,61.125,53.25,41.875,37.75,49.875,46.875,42.875,40.5,38.75,50.875,39.5,30.875,19.25,40.5,77.5,82,68.875,67.5,79.375,81.375,98.125,58.375,71.25,58,39.125,58,62.625,56.83333333,47.125,47.375,69.125,53.14285714,42.14285714,34.125,53.25,69,69.5,43.5,38.375,53.28571429,68.125,78.625,74.875,71.25,74.375,44.25,73.875,45.125,57.25,37.75,43.75,36.125,33.16666667,19.75,54.125,22.375,19.5,60.25,38.25,180571001
-85.841,39.935,NA,NA,57,75.375,86.625,76.28571429,28.75,56.25,60.625,29.625,56.875,63.875,78.125,63.875,85.8,86.5,50.375,39.625,50,57.625,53.75,67,80.5,44.625,38.625,50.125,66.625,51.5,46.83333333,48,63.875,52.125,40.25,35.5,54.42857143,51.875,41.875,38.625,37.75,40.25,45.25,27.125,25.375,45,64.875,70.375,69.25,75.25,83.33333333,85.125,82.42857143,60.375,58.625,59.125,29.66666667,56.75,61,67.14285714,42.75,48.125,69.875,57.5,42,30.5,47.125,70.875,69,44.125,32.5,50.875,67.375,72.125,67.375,66.25,68.625,41,69.875,38.625,57,37.25,44.625,34.125,36.5,18.625,55.5,19.875,19.125,59.25,35.5,180590003
-86.018,39.613,49.625,58.71428571,76,78.625,85.25,78.5,46,64.125,63,40.375,63.125,57.85714286,79.75,67,86.125,88.33333333,56.25,42.625,44.125,68.625,59.375,73.25,69,47.75,44.25,46.875,64.875,NA,NA,NA,NA,NA,NA,NA,NA,NA,NA,37.2,25.625,28.75,35.25,NA,NA,66.33333333,75.25,68.25,66.875,73.5,81.75,84.75,74.625,53.125,30.5,33.25,44.33333333,60,56.25,42.25,41,51.625,53.5,67.375,43.875,37.375,52.5,88.625,72.75,47.625,46.5,58.375,84.25,77.33333333,62.625,68.625,75.375,49.625,63.125,46.375,55.5,40.625,59.25,44.25,43.875,24.25,58.75,32.25,28.33333333,59,37.625,180810001
-87.499,38.548,46.5,47.16666667,60.25,78.75,85.375,68,52,39.25,39.75,26.25,39,47.25,51.375,71.25,78.125,76,47.5,53.2,54.5,53.625,67.75,61.625,58.625,49.75,40.375,51.875,61.33333333,58.875,25.375,47.42857143,60.75,54.625,26.5,26.625,34.5,31.25,26.875,NA,NA,NA,NA,NA,NA,42.25,68.25,56.875,53.625,56.875,72,70.875,64,39.5,52.875,46.125,35.625,52.42857143,58.5,30.5,68.25,59,59.57142857,45,39.875,30.625,53.5,68,56,36.875,38.625,43,67.375,53,59.125,49.125,42,40.5,39.66666667,NA,39.5,39.25,48.875,25.75,23.75,26,61.75,40.625,30.85714286,41.125,26.875,180830003
-87.485,38.741,56.42857143,58,74.5,86.5,93.25,80.25,80,40.5,55.75,46.25,64.375,68.75,60.625,66.875,56.625,48,58.5,66.625,46.625,61.25,NA,NA,NA,NA,NA,NA,NA,NA,30.42857143,59.125,64.75,65.375,43.5,25.83333333,36.85714286,42.375,33.875,36.875,40.375,36.625,38.28571429,44.5,51.125,53.875,NA,NA,NA,NA,NA,NA,NA,NA,NA,NA,NA,NA,95,35.625,62.25,64.125,60.5,60.625,43.25,42,55,74.75,60.375,40.375,42.25,44.125,68.25,66.6,69.75,64.125,55.875,55,69.83333333,51.75,71,72,76.125,45.375,39.875,28.625,58.875,39.375,37,57.625,39.375,180830004
-87.335,41.6,30.125,22,35.625,46.25,50.5,51.125,24.875,41.625,32.66666667,39.625,37.875,46.875,28.25,26.875,49.5,67.875,45.75,28.625,36.375,26.5,31.375,51.57142857,49,46.625,33,48.625,41.125,22.875,23.625,46.125,57.75,43.625,30.71428571,37,48.25,52.28571429,36.28571429,44.375,41.5,45.625,11.375,32.875,27,43.125,58.875,66.375,50.625,55.875,68.625,71.28571429,80.875,51.75,42.75,44.25,20.625,31.625,54,78.125,40.875,52.125,76.875,56.5,24.8,26.75,48.875,75.375,27.75,36.875,42.875,45.25,59.75,NA,37.5,49.875,43.25,40.125,19.875,23.16666667,31.5,26.75,19,14.2,21.625,11.875,13.625,14.16666667,15.75,33.625,22.28571429,180891016
-87.494,41.639,48.625,37.5,60.75,75,75.75,78.57142857,38.625,58,60,62.125,63.75,75.83333333,NA,NA,NA,NA,NA,NA,NA,NA,61,81.75,53.5,36.125,36,50.625,42.625,25.875,28.25,53.625,65.375,44.75,34.25,57.5,58.5,58.75,41.375,45.28571429,44.625,NA,NA,39.14285714,24.4,49.85714286,64.125,67.875,54.5,62,74.625,78.83333333,90.125,50.85714286,NA,NA,NA,40.25,58,89.375,43.875,53,NA,NA,31.25,31.5,73.66666667,84,35.75,39.875,48.25,50.5,76.5,89,47.25,63.375,58.375,46.375,32.75,44.5,56.625,57.33333333,39.375,40.375,34.25,22.875,27.5,39.375,36.625,56.25,42.75,180892008
-86.249,39.647,54.25,56.125,70.75,77.875,94.125,86.125,45.75,63.875,68.625,41.875,63.75,63.875,90.375,76.375,94.5,92,55,44.25,51.25,74.75,68.375,81.375,72.75,52,48,51.125,69.5,66.125,43,54.875,61.375,61.125,43.875,33.625,48.625,46.125,39,NA,NA,NA,NA,40.4,30.75,46.25,64.875,69.875,66.25,66.25,76.125,78.875,76,49.875,57.125,55.75,40.125,60.25,58.625,51.125,35.625,55.625,65.25,73.625,36.5,32,57.875,83.875,72.625,47.125,40.625,55,77.75,62.75,69.125,66.25,67.375,43.75,69.625,45.375,55,36.625,53.375,37.25,39.125,12.125,56.5,29.8,27.875,54.25,28.8,180970042
-86.02,39.858,53,54.75,66.375,81.75,96.125,87,44.875,58.5,69.75,41.5,68,71.375,100.25,74.25,93.625,97,55.375,44.625,57.25,73.5,61.375,67.5,80.25,50.25,45.875,52.5,67.125,59.375,44.57142857,51.125,58.75,52.625,38.5,29.75,45.5,45.25,32.375,32.25,34.5,39.875,33.33333333,30.875,20,44.5,64.125,60.375,58.25,65,72.125,85,78.875,44.75,52.5,54.5,31.375,56,54.5,44.5,36.5,41.5,60.75,68.25,41.25,28.75,43.75,71,70.5,37.75,36.75,46.375,64.625,66.25,62.125,59.5,62.75,37,64,42.25,48.375,30.66666667,45.125,35.375,36.625,15.75,48.5,14.25,20,51.625,34.5,180970050
-86.186,39.749,47.75,50.625,64.875,73.25,89.625,80.75,39,58.875,61.125,34.375,63.125,55.25,74,67.75,86.75,88.71428571,47.83333333,37.25,52.875,66.25,64.875,77.25,NA,NA,NA,NA,NA,52.85714286,24.875,47.75,58.75,60.25,37.625,30.5,43.5,41.625,37.75,34.625,37.625,39,NA,25,19.625,53,59.5,70,65.875,72,73.5,80.25,78.125,44.625,52.125,58.875,35.83333333,66.625,50.375,41.125,27.375,49.25,62.875,74.875,36.14285714,29,54.14285714,89.5,77.875,43.125,37.375,54.5,77.25,56,60.625,64.25,67.375,36.875,61,39.875,49.25,25.125,44,37.375,36.625,8.5,49.5,15.28571429,19,53.75,28.25,180970057
-86.064,39.793,45.5,47.75,61.71428571,75.75,87.5,82,39,59,63.5,32.33333333,64.5,63.25,84.66666667,68.125,93.75,96.875,51.75,40.625,53.625,66.375,65.25,72.85714286,77.66666667,47.5,44.375,50.25,NA,63.71428571,NA,NA,NA,NA,NA,NA,22.5,38.75,20,41.375,42.375,45,39.625,33.875,26.625,50,NA,NA,NA,NA,NA,107.5,103.375,56.875,68.625,83.375,49,78.125,70.625,51.8,42,50.75,74.125,98.875,45.625,36.25,55.75,95.375,83,48.25,42.28571429,55.625,73.75,73.75,70,67.75,73.25,42.85714286,67.75,46.375,54.75,33.25,50.5,40,38.875,13.625,53.75,20,23.14285714,58.125,34.5,180970070
-86.567,39.396,52.75,55.625,66.5,73.125,89.75,77.625,53.125,63.75,80.16666667,48.625,58.5,61.875,84.75,69.125,96.375,95,58.85714286,43.625,47.875,80.83333333,70,71.625,66.375,50.75,44.75,47.125,68.375,62.5,33.375,54.875,61.75,52.25,43.5,30.625,48.83333333,37.625,39.875,39.25,44.75,38.25,38.875,37.625,25.75,42.875,72.875,66.875,70.625,73.2,76.125,70.875,83.6,49.5,56.25,50.625,36.375,53.25,61,51.125,35.125,54.75,65.375,67.625,37.75,43.125,58.71428571,65.5,65.625,46.75,46.125,51.5,65.375,64.25,66.625,70,63.625,44.625,66.16666667,43.875,NA,NA,NA,NA,40.375,23,57.625,33.14285714,33.875,57.5,38.875,181090003
-87.087,41.631,29.5,22.125,34.42857143,7.125,11.875,11.125,14.875,37,NA,65,51.125,64.125,42.25,56,97,95.375,67.66666667,34.875,33.625,33.625,43.25,66.375,49.6,30.6,34.25,40.375,NA,18.16666667,24.25,53.25,57.25,39.125,24.125,37.5,42.375,49.66666667,34,34.5,31.875,29.75,19.25,27.25,24.5,41,54.25,57,40.75,3,81,68.625,71.75,42.875,51.25,23,25.25,35.75,52.4,69.5,39,39.875,71.75,41.8,31.625,30.375,46.375,76.66666667,27.75,30.625,50.375,50.125,64.66666667,61.875,35.375,44.625,37,25.5,23,55,51,42.25,29.75,34.25,33.875,16.875,18.625,27.5,24.5,44.125,37.5,181270020
-87.199,41.617,NA,NA,NA,NA,NA,NA,40,59.75,61.875,92.33333333,69.375,70.625,41.5,85,67.625,76.875,47.5,37.875,38.75,38.5,55.625,83.83333333,54.375,36.875,40.125,49.75,41.125,22.25,33.75,63.375,63.375,44.125,29.625,45.375,46.66666667,52.5,44.14285714,48.625,45.75,51.625,29.875,39.875,33,51.75,64.75,69.75,53.25,60.875,95.25,79.875,87.66666667,57.125,68,57,38.375,41.25,58.875,98.125,47.625,53,83.25,62.125,37.66666667,37.625,NA,NA,NA,NA,NA,NA,NA,NA,NA,NA,NA,NA,36,64.28571429,53.75,45.25,34.875,36.75,34.5,17.875,25.75,32,27.5,49.125,38.125,181270024
-86.111,41.753,30,18.125,27.5,31.25,36.25,33.125,29.28571429,56.875,62.5,50.625,45.625,55,51.25,43.125,61.42857143,71.25,77.5,43.75,41.875,36.25,48.75,73.75,51.875,31.875,31.42857143,48.75,45.625,28.75,33.125,49.375,36.875,10.625,8.125,15.25,42.875,46,39.625,40.875,41.25,40,27.75,26.5,27,51,55.75,57.375,45.5,48,49.25,55.5,36.75,57.375,64.25,39.875,33,34.25,54.14285714,NA,54.66666667,40.5,65.5,48.5,34.25,32.375,46.125,67,35.875,47.375,42.25,28.375,51.125,56.125,48,53,51.75,32.375,37.375,34.875,46.125,38,28.25,26.875,26.625,24.57142857,27.875,12.875,24.875,43.875,25.375,181411007
-86.236,41.692,58.375,38.625,70.75,73.25,75.875,81.125,40.57142857,64.125,74.625,58.25,59.375,67.25,61.625,56.5,97.28571429,98.25,92.625,49.875,49.625,3.5,61.75,88.375,62.125,40,36.5,52.625,46.125,26.5,27.25,57.875,66,41.25,38.375,44.85714286,52.125,52.125,47.125,48,46.25,46.625,30.25,32.125,25.375,53.33333333,68,67.875,52.5,57.625,61.5,77.375,82.375,62.125,70.375,47.375,35.125,44.5,60.33333333,58.5,51,46.125,75.25,54.875,42.125,34.85714286,56.125,78.25,NA,NA,NA,33.33333333,70,81.75,62.25,3.75,54.375,44,38.625,44.625,59.625,39.75,32,29.375,31.375,22.33333333,30.125,11.25,19.5,52,34.75,181411008
-86.838,40.402,56.375,54.625,65,77.875,NA,NA,44.625,61.5,63,46,64.875,64.875,72.28571429,69.5,80.75,72.625,47,37,55.75,51.625,58.875,67.25,64.375,43.75,41.25,52.5,60,41.25,39.75,56.125,59,54.375,42.25,49.375,52.5,41.66666667,NA,46.14285714,44.375,49.5,33.875,38.75,27.125,42.25,65.875,73.75,63.25,5.875,84.66666667,79.5,85.42857143,47.625,58.25,59.875,33,48.375,64.125,61.625,34,40.125,38.375,43.25,33.25,39.71428571,56.25,69.25,67,43.5,42.875,48.125,62.75,72.375,69,69,69.5,48.25,50.75,43.375,62,36.5,35.375,39.5,40.125,25.875,54.625,10,15.25,55.625,35.875,181571001
-87.57,38.021,54.125,57.125,79,85.25,90.75,83.25,80,55.125,59.375,45.75,69.125,83.125,68.375,86.75,75.25,65.25,51.66666667,54.25,52.75,69.375,90,78.375,70.5,59.25,53.125,64.625,74.5,71.66666667,30.875,63.25,76.875,70.75,48.25,48.25,49,39.5,43,42.125,48.5,42.375,42.875,46.625,52.25,68.5,79.5,74.375,75.375,86.375,87.5,99.375,91.25,52.5,60.75,80,60.875,72.42857143,91.375,48.75,84.375,88.125,82.625,94.875,57,54.125,68.375,87.125,78.125,57.875,57.125,63.25,78.57142857,69.5,66.875,70.125,57.375,NA,72,41.4,65.875,71.125,69.375,37.375,40.125,44.66666667,65.625,48.85714286,32.25,64.5,33.5,181630012
-87.536,38.114,48.85714286,55.375,75.85714286,79.625,91.125,78.42857143,82,64.875,62,47.28571429,67.5,82.625,62.14285714,84.625,71.66666667,67,45.28571429,52.375,51.875,61.25,84.375,67.625,63.625,53.85714286,46.75,60.125,64.875,64.83333333,30.28571429,56.625,73.625,63.75,43.625,44.14285714,50.25,51.28571429,42.25,41.14285714,40.875,35.875,39.16666667,45,53.57142857,61.625,74,68.25,67.875,87.14285714,97,91.5,66.875,49.85714286,57.875,68.5,52.57142857,62.14285714,99.57142857,42.14285714,89,84.25,71.625,83,52.25,52.57142857,61.875,86.25,78.75,53.75,51.625,62.5,81.33333333,67.75,67.71428571,70,56.875,53.85714286,65,57.85714286,74.5,85.85714286,79.5,46.125,46.375,53.625,71.85714286,52.85714286,37.71428571,66.25,36.75,181630013
-87.401,39.486,47.75,50.125,66.5,77.625,81.375,83.625,39.375,58.66666667,56.125,42.25,64.25,67.375,86.375,84.4,NA,96.28571429,50.25,47,47.875,68.25,53,67,60.75,45.5,41.25,51.5,72,63.625,44.85714286,49.875,52.25,48.125,32.75,27.5,41.75,27,30.5,35.375,41.125,41.5,22.625,38.375,34.25,48.16666667,75.125,77.5,61.25,65.375,71.875,77.625,85.125,52.375,70.25,61.5,35,58.375,69.16666667,54.125,44.375,71.5,69.375,59.5,29.75,42.375,51.625,73,64,40,43.625,46.75,70.14285714,57.125,63.625,55.625,58.25,38.375,65,35.625,61,45.75,52.875,33.375,39.25,21.125,58.42857143,14.625,28.75,52.125,29.375,181670018
-87.314,37.937,55.125,64.375,79.42857143,91.625,99.875,86.125,84.875,65.125,64.125,51.5,68.5,66.875,72.875,71,80.625,69.85714286,50.875,48,55.375,69.125,80.375,77.75,70.75,61.5,50.125,65.875,74.5,69.25,30.375,65.5,68.5,69.75,46.57142857,49,46.5,50.85714286,44.25,44.25,52.125,NA,NA,51.625,56.625,50.625,76.5,72.25,67.75,84.875,94,90.66666667,78.25,46.25,55.625,73.125,64.57142857,69,85.375,45.625,66.625,43.33333333,NA,40,58.875,56.57142857,79.25,84.375,80.125,62.625,60.25,71.25,85.125,72.875,66.5,67.75,63.625,66.125,65.85714286,70.375,85.125,78.625,74.66666667,46.5,53.125,71.375,67,56.125,40.75,65.5,43.875,181730002
-91.604,41.707,37,52.25,53.75,65.5,72.5,68.57142857,34.75,31.75,37.75,54.57142857,55.25,55,58.5,69.5,80.33333333,79.66666667,58.5,46.25,62.75,56,57.75,56,47,33,36.25,50.25,40.25,38,46,58,47.75,60,45,52.75,43,44.5,51.5,38.75,43.5,36.5,28.75,31.71428571,46.75,56.75,63.5,46.75,42,35.25,46,55.5,55.25,59,57.5,66.25,56,64.28571429,59.75,64.5,48.25,48,44,35.75,37.5,43.5,62.25,48.75,40.75,35.25,35,50.5,60.25,38.5,40.85714286,47.5,50.5,41,44,35.75,53,56.25,20.5,24,NA,NA,NA,NA,NA,NA,31.66666667,191031001
-91.662,41.992,29.625,42.75,39.875,50,58.875,49.75,33.25,36.875,22.625,39,44.75,47.625,50.875,65.71428571,67.875,55.75,52.75,44.625,59.625,59.375,50.85714286,45.125,42.5,27.5,31.25,39,32.125,37.83333333,43.875,35.625,39.5,52,38.75,35.75,32.75,38.25,32.14285714,20.375,27.5,26.5,20.25,21.625,41.42857143,42,42.25,33,28.625,28.42857143,34.625,37.625,37.75,32.75,38.4,41.66666667,38.28571429,36.375,46,46.5,38,44.375,41.125,32.75,31.14285714,33,37.5,38.625,28.25,30.125,31.875,37.875,52.25,24.125,18.75,30.75,32.375,23.875,NA,22,38.25,29.42857143,18.875,25.875,18.5,20,9.25,23.125,22.625,23,24.375,191130020
-91.547,42.094,39.125,49.75,53,63.875,66.5,55.14285714,37.25,42.28571429,36.875,53.83333333,48.875,49.875,52.28571429,63.66666667,79.75,66.5,70.71428571,45.875,58.75,59.625,58.625,56.83333333,49.25,32.875,35.125,46.875,44.71428571,39.75,46.25,49.71428571,41.5,52.875,47,46.33333333,40.83333333,44.5,46.625,36.625,40.75,32.875,26.28571429,31.625,46.14285714,49.875,58.14285714,45.875,37.75,47.375,53.14285714,55,57.625,50,47.625,48.375,43.14285714,50.875,60.625,63,66.85714286,56.875,42.625,40,33.625,37.5,55.75,42,39,34.5,37.57142857,48.5,62.125,37.14285714,31.25,43.625,42.25,32.57142857,41.875,28.28571429,48.75,48,22.875,28.125,29.71428571,28.83333333,16.375,29.125,32.42857143,26.875,32,191131015
-93.467,41.7,2.75,12.625,19,25.25,26.75,9,0,0,1,18.375,23.875,11.5,5.375,21.375,0,0,0,0,0,0,0,0,0,0,0,0,0,0,0.25,21,0.75,0,0,11.125,17.125,0,1.5,0,0,0,0,0.875,0.125,3.625,0.25,0,3.875,11.5,17.75,21.375,14.625,22.75,19,21,22.75,21.5,38.125,27.375,10.875,11.625,0.875,0,0,0,11.75,0,3.125,0.5,0,0,0,0,0,0.25,1.875,0.25,7,3.125,0,7.571428571,0,0,0,0,0,0,0,0,0.75,191530024
-93.572,41.608,NA,NA,NA,NA,NA,0,0,0,1.5,5.25,4.125,3.375,5.125,7.125,2,5.25,6.875,1.375,5.625,0,0,0,0,0,0,0,0,0,0,0,0,0,0,0,0,0,5.625,10.16666667,17.75,9.5,4,5.25,8.166666667,8.625,9.75,14.5,31.5,24,26.625,12.625,12.25,17.125,14.25,16.5,12.28571429,10.25,10.25,11.125,12.75,10.625,13.125,4.375,2.25,2.625,3,5.625,8.375,6.375,8.625,8,10.125,8.125,14.75,14.875,20.75,5.125,4.75,3.25,3.25,7.25,3.25,3,0.875,2.166666667,1.875,2.625,2.25,4.125,3.375,191530058
-90.431,41.648,41.5,55.625,61.42857143,73.125,79.5,70.25,42.5,54.33333333,48.75,57.375,62.75,61,63.625,86.625,92.875,87.625,73.25,46,56.875,54.5,70,69.5,49.75,33.14285714,39.5,54.75,47.5,46.875,58.57142857,68.5,52.375,63.5,47.5,61,54.625,54.25,62.5,45.375,41.375,40.625,30.625,44.125,51.125,56.5,64.625,50.375,50.5,52.875,69.625,66.625,70.5,62.28571429,57.625,56.375,38,53.25,58.14285714,61.75,21.625,79.875,48.125,43,42.625,48.375,67.625,64.625,39.625,38,47.5,55.25,71.5,54.375,37.875,48.125,50.75,45.625,46.125,46.75,49.125,52.375,45.625,46.125,46.5,33,10,25.375,42.875,39.25,39.375,191632011
-84.853,38.918,41.75,49.875,59.625,64.125,85,75.375,46,55.75,64,38.75,60.125,52,82,42.125,73.875,96.875,42.375,43,47.25,51.625,53,79.75,72.75,54,46.25,51.875,68.625,77.25,34.875,41.875,56,57.125,42.25,33.85714286,42.5,49.5,33.75,40,41.875,40,38.25,27.625,39.5,48.625,64.25,61.5,70.5,69.625,69.16666667,87.625,84.25,66.375,69.125,58.25,40.5,64.25,75,44.875,56.125,48.5,65.25,68.83333333,53.625,30.625,75,67.625,69.875,56.625,33.5,65.25,69.75,55,51,73.25,65.25,40.66666667,64.5,58.25,57.625,47.25,75.375,35.25,39.125,18.625,67.375,59.125,27.5,47.375,45,210150003
-85.704,37.998,32.5,43.25,52,64.375,65.875,70.25,83.8,53.75,53.875,21.875,59.25,55.75,56.75,63.125,59,55.75,28,36.5,41,42.57142857,56,71.5,42.375,46.25,35.375,50.25,55.25,68.125,19.875,36.5,51.75,65.25,26,33.875,30.25,37.625,24.75,28.875,27.625,31.625,33.375,31.85714286,43,42,58.375,56.75,57.375,87.375,69.375,75,65.375,51.125,51.875,60.625,55.57142857,67.5,78.375,44,49.75,90.5,56.875,50.33333333,61.625,54.875,55.625,84.375,60.125,45.5,45.75,53.375,66.875,55.875,53.625,63.25,65.125,34.375,61.42857143,58,60.625,68.875,74.5,36.125,44.125,45.625,63.75,60,15.25,55.5,50,210290004
-84.477,39.107,44,53.625,63.5,87.125,90.625,75.125,59.125,52.42857143,61.125,24.42857143,58.125,67.125,84.5,36.33333333,87.625,89.625,46.25,46.875,46.25,50.625,57.125,82.75,68.875,52.625,44,48.5,65.75,75.25,38.5,32.625,61,67.375,46.625,37.375,49.875,54.375,27.375,50.125,43.25,52.25,38.875,34,36,54.25,80.33333333,80.625,97,84.125,75.375,111.375,115.375,99.28571429,85.25,80,19,86.375,86.625,50.875,83.75,65.25,89.625,76.375,86.375,45.875,67.75,87,83.75,63.25,45,59.375,91.625,72,68.75,83.25,75.75,43.375,66.5,61.75,76.25,44.75,83.375,41.25,52.125,23.125,67.375,58.33333333,15.875,59.5,41.25,210371001
-87.075,37.783,39.375,47.375,64.125,73,88.875,81.875,76,58.875,65.83333333,38.25,70.625,74.75,65.5,83.75,63.25,61.25,36.625,47,43.5,62.125,76,66.75,68.25,59,52.625,79.75,93.25,70,26.375,69.25,89,96.875,52.16666667,46.25,42.625,40.875,39,44.75,42.625,36.625,35.375,42.28571429,54.375,77.125,78.125,77.875,71.25,88.125,70.25,68.25,77.25,50.75,53.25,63,56.5,55.14285714,73.75,43.75,81.375,91,74.5,95.5,40.625,42.75,66.625,81.25,78.125,52.75,45.75,59.125,76.85714286,66,65.875,71.25,61.875,54.375,62.125,58.875,77.875,71.625,74,36.625,46.25,60.25,66.125,56.125,30.625,61.375,37.375,210590005
-86.074,37.218,60.375,56.83333333,80,64.25,94.625,79.25,87.375,61.5,70,30.42857143,77,66.75,59.375,57.5,55.75,40.85714286,33,41.75,41.25,55.375,73.125,61.5,55.625,58.71428571,57.42857143,73.5,NA,73.5,34,56,38.25,31.375,19.71428571,31.28571429,39.5,45.42857143,33.25,37.125,42.57142857,40.85714286,NA,36.75,57.71428571,57.75,58.14285714,71.5,80.28571429,68.14285714,69.5,73.625,67.5,58.25,NA,NA,64.625,52.75,92.14285714,49,76.28571429,50.5,57.71428571,56.71428571,55,53.42857143,64.25,63.75,78.28571429,56.875,46,NA,NA,74,67.5,85.83333333,81.25,45,58.71428571,72.375,69.125,82.625,76.85714286,48.875,56.57142857,78.33333333,74.75,46.25,35.71428571,54.875,65.125,210610500
-84.467,38.126,57.25,59,77.875,78.5,89.25,89.5,78.66666667,55.875,61.5,35.875,58.875,61.125,69.75,67.75,79.375,71.875,40.25,33.25,40.75,46.66666667,68.75,76.75,70.875,55.875,47.875,56.375,64.5,78.75,36.5,45.125,59.25,53.375,45.5,34.625,43,52,50.5,40.375,39.375,51,36.5,42.125,49.25,53.125,77,82.125,80.375,95.5,NA,105,93.625,94.625,72.75,77,53.57142857,NA,NA,NA,61.5,56.875,60.375,50.125,60.125,42.375,60.5,68.25,60,52.625,43.75,50.5,NA,NA,80,78.125,70.5,51.125,64.5,82.125,62.625,69,81,47.375,57,62.125,76.5,55.5,36.625,64.625,64.5,210670001
-84.5,38.065,45.75,43.375,64.375,63.625,74.625,67.875,60.875,46.375,54.375,25.625,56.75,59.25,52.375,55.25,67.57142857,59.375,26,26.875,28.875,28.375,53.625,54,45.875,36.5,30.625,38.25,39.75,56.375,22,30.125,48.375,51,33.5,22.125,54.375,53.125,47.125,42.375,44,53.875,41.5,40,53.66666667,51.125,NA,NA,NA,98,97.375,97.71428571,97.5,76.25,62.25,65.25,51,54.25,79.625,54.875,83,73.625,70.125,59.5,65.625,51.25,73.125,78.25,69.5,54.75,44.25,51.75,88.5,67.85714286,64.5,73.875,63.5,37.125,70.625,71.875,61,56.25,68.5,42.625,43.25,52.75,59.83333333,43.875,29.25,64.625,56.875,210670012
-86.898,37.939,57,62.25,80.75,83.5,105,87.875,82.5,65.125,74,44.875,74.75,83.25,79.5,107.375,76.875,72.75,40.5,53.125,52,71.875,85.25,81.5,62,58.25,48.625,66,74.5,73,23,55.85714286,72.5,71.75,41.25,39.5,48.375,45.625,35.125,47,41,34.375,37.5,46.16666667,56.875,69.5,78,77.5,79.5,92.875,79.625,79.75,70.25,49.5,53.375,68.125,52.875,42.75,77.375,47.75,87,85.75,78.875,96.25,51.125,52.625,73,94.375,NA,NA,53.66666667,68.14285714,71.5,68.5,71.125,77.125,67.625,60,65.5,65,77.375,75.5,78.75,41.625,49.875,65.85714286,66,57.5,30.25,62.5,38.25,210910012
-87.577,37.861,28.125,30.75,41.25,56.75,75,63.125,44.875,32.14285714,51.75,34.875,37.5,50.375,39.625,46.5,35.375,22.75,25.75,36.5,37.125,41.5,40.25,35.875,35.375,30.625,30.625,50.875,57.5,49.375,11,32.125,34.375,50.25,24.75,22.14285714,31.83333333,22.75,26,21,20.875,18.75,12.625,19.25,40.625,33.5,43.25,51.25,36.5,38.125,47.125,40.375,51.375,31.625,33.5,40.25,25.85714286,36.375,51,23.5,49.125,33.125,48.125,52.5,37.875,41.625,72,76.5,73.375,48,39.375,47.375,51.625,59.625,56.625,63.25,49.625,44.375,53.5,47.125,68.125,78.25,72.375,30.875,37.25,43,66.14285714,48.625,32.125,65.875,29.5,211010013
-85.578,38.137,43.25,52.85714286,53.75,78.875,75.375,76.5,76.75,48.875,55.375,31.375,63.25,51.875,63.5,59.25,48.125,53.875,NA,38.75,37.25,48.8,84.42857143,71.375,52.5,55.25,46.875,57.625,59.75,78.625,31,49.125,74.75,70.125,37.5,42,39,47,38,40.25,32.625,44.625,36,40.125,49,63.75,61.75,59.125,85.375,124.125,87.14285714,82.375,68.75,64,52,82.75,54.71428571,59.125,82.375,31,NA,69.75,53.75,64.75,70.5,48.25,57.25,74.75,64.875,45.875,38.625,48.5,64,40.625,45.25,63.375,60.625,35.875,48.28571429,62.875,52.5,63,61.875,33.125,39.25,44.75,52.375,55,16.25,55.125,44.875,211110027
-85.712,38.264,39.375,48.42857143,69.375,76.625,80.5,71,59.375,57.375,55.875,24.375,62.375,69.75,60.875,58.25,66.375,60.625,29,40.625,40.125,46.625,59.125,72.375,42.71428571,45.625,40.25,59.75,58.625,73.875,22.75,39.625,73.25,79,31.5,32.5,41.5,41.625,25.875,28.625,30.25,40,22.375,29.125,41.125,47.875,74.625,69.625,73.625,84.875,79,80.75,91.25,63,54.75,61.625,44,50.5,77.25,30.625,73.75,82.375,68.75,53.33333333,62.5,40,57,70.375,69,53.75,43.75,54.28571429,74.25,60.625,62.75,71.125,72.125,42,63.71428571,55,66.875,53.25,69,32.25,34.5,27.5,54.625,51.875,21.625,62.875,37.625,211111021
-84.525,39.071,37.625,58.125,74.75,92.875,102.375,91.66666667,64.75,54.75,65.14285714,27.125,65.375,75.125,85.5,30.375,78,100.5,48.5,48,47.75,56,63.25,88.125,82.5,65,51.25,59.375,77.375,88.5,39.75,40.25,66.5,79.75,50.125,35.16666667,53.125,53.75,33.375,45,40,49.375,49.625,37.5,38.125,57.5,73.125,68,88.25,75.875,73,101.5,78.5,71.5,74.375,77.125,19.375,81.5,80.625,48.25,76.25,54.625,68,60,81.875,43.42857143,66.5,87.25,81,61.875,41.75,57.375,84.375,59.625,64.25,81,77,41.125,72.85714286,63.375,57.5,40.5,66.375,39.5,48.25,14.5,53.375,56.375,19.25,57.375,44,211170007
-88.393,37.155,55.5,56,82,100.125,99.5,94.875,86.625,78.625,63.125,52.625,62.125,77.625,85,83.5,70.75,58.125,44.375,60.375,52.625,58.5,62.875,50.5,59.42857143,55.125,51.25,65.25,73.25,62.5,37,63.875,60.25,81.125,47.875,51,54.75,52,49.125,48.25,54.5,54.375,57,54.25,80.125,67,69,82,74,75.125,67.125,82,48.75,43.375,52.75,71.875,59.25,61.125,79.625,57.25,76,76.5,70.625,85,NA,50,61,62.83333333,80.875,52.375,53.25,64.375,81.42857143,67.375,56.875,58.375,47.25,51.25,75.625,58.75,83.875,75.5,71.5,43.375,54.375,90.625,62.25,53.125,36.75,67.875,38,211390003
-88.572,37.058,61.5,59.75,83.875,97.875,98.25,89.375,78.83333333,74.875,61,47.5,55.125,82.375,66.375,77.25,74.375,57.5,39.375,59.75,53,57.25,NA,34.75,55.75,55.125,50.25,63.75,73.75,59.375,24.625,52.625,42.25,61.75,35,38.25,40.25,43,36.625,40.875,54.75,48,43.25,43.375,70,71.375,74.875,90.625,81.5,92.5,78.125,78.25,43,45,57,67.75,73.5,79.8,88.625,64.375,81.625,82.875,70.125,88,57.33333333,51.125,70.875,66.375,84.625,59.375,56.125,62.75,76.5,NA,50,57.75,45,46.125,67,47.33333333,66,59.375,58.5,33.25,41.75,62.75,46,36.5,25,68,37.375,211451024
-86.94,37.205,46.75,NA,66.75,NA,NA,83,71.5,57,59.375,30.5,47.375,57.28571429,53.125,60.5,44,35.25,29.625,39.375,41,44.375,53.42857143,37.5,43.875,59.8,48.5,63.375,59.25,67.625,21.625,34.33333333,43.25,63.375,NA,31.66666667,35.75,38,24,34.85714286,39,38.14285714,32.75,35.25,48.375,61,64.875,62.71428571,61.625,74.125,62.71428571,65.42857143,56.75,45.375,58.25,55.5,56.75,59,62.625,42.125,63.83333333,NA,NA,52,50.25,26.16666667,62.75,69.5,71.125,47.14285714,56.71428571,55.875,67.5,79,65,67,68.625,43,44.25,52.25,75.75,60.875,67.875,41,51,66.125,59,47,23.75,52.5,55.75,211770005
-85.437,38.389,43.875,51.5,60.5,68,85.375,79.125,68.85714286,50.25,60.75,28.375,62.75,63.75,60,54.125,56.875,68.25,31.5,42.375,37.375,53.71428571,57.25,65.125,60.625,48,39.5,57,67.875,77.75,28.25,42.5,63.75,66.5,39.75,40.125,42.875,47.75,34.125,40.875,30.875,48,37.42857143,32.71428571,45,40.5,63.5,59.875,83.875,77,73.75,81,74.5,75.5,64.875,55.25,47.57142857,50.875,69.875,41.25,60.375,70,83.75,NA,NA,48.5,49.75,63,73.875,61,33.875,48.125,67.75,52.625,54.875,69.875,69.75,42.875,67.14285714,54,59.625,53.125,82.625,30.75,41.25,45.75,74.875,63.25,35.25,58.125,43.42857143,211850004
-88.017,36.791,46.125,49,70.375,77.375,68.25,72.25,65.625,54.125,47.625,33.25,42.125,55.625,58.375,55.5,49.57142857,30.375,28.75,43.25,31.375,41.5,38,39.25,36,44.625,49.125,49.875,58.625,49.5,23,44.625,33,47.875,28,28.625,32.875,33.875,21,27.5,35.875,31.14285714,27,37.5,49.625,54.875,51.25,60.75,60.25,63.625,60.375,65.14285714,34.5,37.75,43.375,47.375,58.25,59.125,52.375,53.875,61.75,65.125,50.125,54.5,34.75,42,70,73.75,72.875,53.75,46.75,49.875,58.25,50.625,52,63.625,43.75,34.125,49.75,68,68.125,64.75,71.25,40.375,48.625,68.125,58.125,40.125,32,59.75,48.75,212210001
-84.394,42.798,56.33333333,38,64.125,40.25,75.375,57.16666667,49.75,57.625,62.75,54.25,57.75,68.25,51.375,55,58.25,85.33333333,98.125,59.125,42.25,40.125,64.2,76.875,76.5,41.75,32.875,48.5,57,39.125,37.125,55.5,54.5,40.875,56.125,43.5,51.625,61.66666667,44,42.875,48.75,51.625,41.125,29,22.2,54,65.5,75,58,61.125,53.875,86.875,79.28571429,61.375,65.5,46.5,41,37.25,65.28571429,65.125,63.75,34.375,58.25,40.875,44.57142857,36.25,55.375,66.25,19.625,37.875,36,39,53.83333333,73.125,30.875,61.5,48.625,41,37.25,40.4,41.125,53.125,29.75,23.375,26.375,35,13.625,23.875,23.875,50.625,31.75,260370001
-83.686,43.025,49.875,22.5,51.25,29.375,69.25,47.75,32.75,41,39,42.875,41.625,61.125,33.25,39,42.875,73,99.625,65.125,16.625,32.5,45.25,65.25,66,38.125,23.5,41.5,46.375,33.33333333,26.25,46,50.375,38.875,48.875,37.375,49.625,52.875,44,34,43.625,14.375,0.142857143,NA,0,0,52.875,68.375,54.875,56,35,44.75,73.75,0,62.625,48.125,36.75,38,54.875,46,41.5,38.875,51.75,46.375,39,27,40.25,55.75,16.5,23.5,28.875,44.5,45.5,70.5,37.125,65.625,48.375,36.375,NA,38.875,37.25,47.75,33,27.875,27.625,35.25,10.625,19,18.875,48.125,28.375,260490011
-83.462,43.168,49.25,25.625,48.875,37.625,68.375,44.125,27.875,51.25,61.375,47.16666667,39.625,62.375,33.25,45.375,59.25,68.4,99.625,74.25,28.5,38.375,48.66666667,79.5,85,42.75,25.625,42.5,60,38.375,33,51.375,52.625,32.5,47.625,52.875,63.25,53.625,61,43.875,55.25,57,46,26.875,34.125,50.875,73,73.875,61.375,62.25,46.125,63,77.66666667,72.625,54.125,47.5,42.5,35.16666667,66.25,51.625,38.625,46,51.125,38.16666667,40.25,30.375,48.125,66.625,28,28.125,32.625,31.5,51.85714286,86.25,54.5,72.25,49.75,35.25,37.5,35.5,35.75,57.75,30.875,24.625,26.875,34.875,19,25.75,22.25,46.125,21.875,260492001
-84.536,42.738,49.83333333,35.875,57.375,40.375,72.25,50.83333333,45.875,54.75,59.75,48.875,57.625,65,46.66666667,54.25,57.375,70.4,101,59,41.875,37,56.125,64.375,70.625,37.375,29,45.375,41.2,31.5,36.5,54.125,50.75,39,51,35.625,48.25,53.85714286,33,40,44.125,47.5,29.625,23,NA,NA,NA,NA,NA,NA,NA,76,69.125,53.5,60,43.875,40.83333333,35.375,55.375,65.75,64.125,25.625,55.875,40.375,43.75,34.875,54.4,63.875,16,38.375,36.375,40.25,58.25,63.5,NA,NA,NA,40.33333333,30.25,38.5,40.25,48,28.375,23.875,26.875,27.28571429,7.75,19.5,18,42.375,26.5,260650012
-85.672,42.985,47.5,28.75,54.57142857,59,91.625,49,33.875,55.875,48.5,57.16666667,55.75,94.375,36.125,68.875,64.125,100.75,114.25,66.625,37.375,39.28571429,61.875,88.25,75.75,33.75,30.625,53.625,59.125,35,38.375,67.625,49.125,40.5,58.14285714,47.375,65.75,75.375,53.125,55.625,64.25,54.875,22.375,26,8,48.625,73.5,88.5,80.25,73,58.125,83.125,103.25,85.125,80.375,51.83333333,41.375,31.25,74.75,66.625,81.33333333,49.375,58.625,53,35.5,28.75,65.125,59.625,18,35.875,40.125,35.5,58.25,69.375,19.25,65.625,46.375,36.125,31,34.125,45.875,62.6,26,23.625,30.875,36.625,8.125,20.75,28.125,60.125,28.625,260810020
-85.413,43.042,48.125,32.625,53.5,46.25,71.125,49,44,60.5,56.5,55.25,57,81.75,46.75,73.125,67.375,100.5,111.2,60.5,33,42,55.875,88.25,66.875,36.2,28.875,42.625,53.5,39.75,40.375,62.875,46.75,36,53.375,49.5,58.625,70.125,47.375,50.375,59,47,29.125,28.66666667,20.375,44.5,65.625,79.625,62.125,59.33333333,50.125,78.75,86.5,70.875,62.875,42.375,31.6,27,51.875,43.5,43.25,20.625,34.75,40.16666667,34.375,27.5,53.5,49.375,18.875,23.125,35.125,29.83333333,47.625,70.5,37.75,57.875,42.5,42.5,41.75,41.5,52.75,67.625,30.625,26.25,NA,NA,17.625,30.5,34.8,56.75,33.875,260812001
-83.006,42.513,52,33,53.5,28.875,72,49.75,30.625,55,50.6,44.625,74.875,70.75,45.375,59.875,54.625,66.75,97.375,66.375,35.5,36.75,62.75,62.5,66.625,42.2,27.625,45.75,51,20.625,33.25,52.875,47.5,43.5,46,37.375,60.5,59.5,63.5,37.375,72.125,61.625,49.75,26.33333333,33.75,57.125,54.625,72,69.875,59.875,52.25,110.2,80,76.5,85,47.375,51,47.25,64.625,72.75,52.125,50.25,54.25,45.5,46.25,34.25,41.5,64.375,21.875,37.5,35.75,37.625,29,77.25,58.875,74.125,62.75,47.5,40.5,36.875,40.125,33.25,37,25.25,25.625,31.33333333,17,15.875,14.875,46.5,26.75,260991003
-86.222,43.284,56.25,32.57142857,51.875,63.25,81.875,45.375,41.25,50.25,56.25,55.375,54.33333333,77.625,41.875,64.875,84.625,96.375,118.75,76.25,37.75,44,53.75,73.875,57.25,38,30.25,47.625,55.125,37,44.625,62,46.625,35.125,52.5,49.125,63.875,63.83333333,67,80.625,72,64,14.25,30.5,19.5,53,66.875,99.875,88.125,90.375,49.42857143,88.66666667,117.375,103.125,70.5,38.125,44.625,35.375,64.25,76,88.71428571,53.625,46.375,52.125,36.25,32,51.75,52.125,22.125,28.375,44.66666667,50.875,64.8,63.875,35.25,64.875,37.875,39.5,33.14285714,39.66666667,43.5,60.14285714,28.25,24.75,26.625,39.125,21.75,26,32.625,62.5,27.33333333,261210006
-86.17,43.131,NA,31.57142857,56.5,69.625,91.875,58.375,48.5,53.75,66.25,69.28571429,66.375,97,57.375,81.375,93.25,103.1666667,116.2857143,71.25,40.125,52.125,74.2,81.85714286,69.875,36.125,30.125,48,60.28571429,43,52.85714286,68.85714286,52.125,37.875,53.125,55.875,67.25,70.16666667,64.5,78.125,72.625,65.375,9.714285714,31.57142857,20.25,56,83.42857143,108.625,89.75,102.75,59,92.75,120.625,99.75,70.875,35.875,46.75,33.5,60.125,78.25,76.25,55,44.875,46.85714286,32.875,30,32,NA,NA,NA,47,46.25,68.125,61.8,34.75,68.875,37.25,38,29.75,38,37,49.875,10.25,10.25,24,38.375,16.33333333,23.875,31.625,60.25,27.75,261210038
-83.183,42.463,42.25,27.875,51.25,22.5,61.125,46.75,41.75,52.375,53.625,48,53.125,67,43.875,58,53.5,63.75,97,56.25,30.75,42.375,49.5,67.875,71.5,42.875,29.125,42.125,47.875,13.625,23.75,42.875,39.625,43.5,39.5,30.125,49.875,46.33333333,57.5,30.375,60,56.875,50.375,28.25,23,49.875,67.75,72.625,72,25.375,53.625,70.625,88.25,77.75,68.75,51.125,47.625,56.5,70.625,79,57.375,41.125,52.75,97,51.5,31.75,53.125,67,15.875,42.375,33.25,32,52.75,81.25,59.125,67.5,61.75,45.25,45.375,46.14285714,45.875,34,40.25,27.125,29.25,29.375,11.6,9.125,10,49.875,28.75,261250001
-83.711,42.294,51,32.25,71.6,35.75,76.5,60.375,41.875,40.16666667,69.125,51.5,52.125,71.25,58.75,61,78.125,95.75,103.875,60.25,40.25,40.375,73.25,82.625,76,46.33333333,33.75,50.75,54.875,31.75,38.75,56,53.25,42.625,49.5,31.75,52.25,50.75,49,41.42857143,44.75,47,45.125,29.875,30.875,52.75,67.2,73.875,60.125,53.875,46.875,69.125,78.2,66.625,53.375,48.25,38,44.25,63.25,64.125,50.28571429,55.25,67.875,54.25,51.75,39.4,64.375,67.625,21.75,47.125,44.875,49.75,69.75,79.25,62.2,65.5,59.75,39.625,41.375,40.125,47.16666667,46,34.25,25.5,26,31.5,14.625,7.5,12.66666667,47.875,28.375,261610005
-83.778,42.156,NA,32.75,60.875,38.5,67.5,59.625,NA,37.5,65.5,47.875,46.875,64.375,57.625,53.25,61.625,78.375,100.625,40.25,41.5,26.25,20.5,75,66.375,42.875,31.5,45.125,50.875,30,16,50.5,50.125,36.25,43.625,33.25,47.375,44.42857143,45.5,40.625,39.125,41.75,40.625,26.5,29.2,46.25,54.875,62.75,55.625,54,48.875,64.16666667,75.375,61.75,NA,NA,NA,NA,NA,NA,NA,NA,NA,3.333333333,47.875,27.4,52.75,58.875,18.625,41,39.625,35.16666667,51,68.625,NA,55.875,54.125,40,37.5,37.8,39.75,41.25,30.5,22.125,21.625,31.42857143,7.5,NA,10,45.75,27.5,261611001
-83.21,42.229,35.875,23.125,41.375,20.125,61.875,34.75,18.375,32,40.25,25,46.875,52.5,44.5,54.71428571,48.375,52.875,60.875,46.375,29.5,29.5,40.25,36.875,45.625,30.75,22,31.125,33.375,10.375,22.75,23.625,31.625,37.5,35,19.5,33.875,31.875,34.75,23.75,42.375,34.375,30.375,16.625,24.5,37.75,34.75,51.125,47.5,37.5,32.625,50.375,44,2.375,2.625,3,34.5,43.25,52.75,18,35.25,25.75,30,46,33.875,24.375,35.5,41.125,19,30.375,23.875,30.25,45,58.75,46.125,55,44.75,24,32.375,28.125,30.875,23.375,25.375,21.5,16.75,18.5,16.5,5.625,6.25,34.875,14.625,261630001
-83.097,42.358,50.625,31.25,51.75,16.25,69.375,52.5,28,55.875,30.5,40.5,59.75,67,47.375,59.5,48.125,51.625,81.125,55.125,31.5,49.375,57.125,43.625,38.875,46.5,34.375,45.875,46.5,40.125,6.857142857,NA,26.875,43.75,36.5,28.25,44.25,34.625,22.375,39.25,55.25,43,47.25,28.375,30.125,52.375,41.75,74.625,64.625,30.5,NA,77.14285714,82.5,75.875,39,17.625,44.5,61.5,50.85714286,84.875,49.375,44.625,46.125,57.5,47.375,35,46,55.125,27.75,44,37.125,35.875,48.75,57.5,40.125,59.625,56.625,39.85714286,41.625,36.57142857,41.125,27,34.25,26.5,26.5,28.75,11.125,12.875,6.375,41.625,22.375,261630016
-83.001,42.431,62,32.75,54.125,29.125,78.125,58.375,27.125,51.875,47.125,46.25,75.625,71.875,48,65.75,55.625,62.75,104.75,63.25,33.5,41.625,52.75,49.875,52.625,41.125,25.625,38.375,33.25,17.625,30.125,59.2,49.875,43.25,41,33.16666667,53.375,52.25,47.75,38.25,66.5,49.625,48,26.875,31.875,52.75,47.375,77.75,66.75,58.33333333,48.5,93,77.25,74.625,80,48.75,43.125,49.5,55.75,74.375,46,45.25,48.625,49.375,46.57142857,31.75,38.75,64.75,24.25,42,35.125,34.125,47,75.625,61.625,67.25,55.875,43.71428571,45.14285714,40,37.5,32.375,33.625,23.875,24.125,26,18.625,18,13.125,41.5,23.625,261630019
-83.403,42.388,48.125,30.5,52.5,17.625,65.5,54.25,30.375,39.5,49.75,40.5,43.75,62.5,43.875,49.375,53.85714286,54.75,76,47.125,17.5,34.57142857,53.625,59.625,70.375,42.875,28.75,39.75,42.75,21.625,20.25,41.25,43.625,39.25,41.875,29,48,34.75,NA,NA,NA,NA,NA,NA,24.25,36.875,60,64,60.75,54,45,64.25,NA,NA,NA,NA,NA,NA,53.375,62.375,42,28.125,45.625,49.625,39,NA,NA,60.5,12.625,39.625,35.625,32.5,46.5,65.75,54.125,58.125,57.375,39.14285714,39.125,40.14285714,35.5,32.75,32.75,24.625,24,1,NA,NA,NA,NA,NA,261632002
-93.15,37.381,40,44,65.57142857,69.125,74.75,66,63.28571429,45.71428571,28,37,54,61,48.57142857,61,54.5,NA,51.33333333,41.14285714,53.71428571,46.5,47,41,54.28571429,50.85714286,59,61,57.375,52,45.14285714,55.875,48,32.5,23.42857143,36.5,34,33.5,38.5,34.28571429,37,28,23,33.71428571,56,65.57142857,53.5,29.5,46.85714286,57.14285714,71.625,69.125,51.5,48,46.85714286,28.5,12.5,0,76.57142857,67.8,63.125,71,66.125,61.14285714,48.5,55,NA,66.85714286,49.14285714,48,52.5,55,52.57142857,52.66666667,48,54,43.5,NA,NA,50,53.125,61,52,19,40.5,58.375,NA,NA,NA,NA,32,290770014
-93.263,37.121,42.42857143,44.71428571,50.28571429,49.71428571,54.85714286,53.14285714,45.57142857,35,27.71428571,36.85714286,40.42857143,47.42857143,33.71428571,51.42857143,41.28571429,58.28571429,34,36.85714286,43.57142857,33.16666667,29.71428571,49.85714286,48.57142857,44,43.71428571,43.42857143,41.71428571,37.71428571,37.28571429,37.71428571,46.28571429,25.14285714,17.71428571,4.428571429,12.6,24.57142857,25.14285714,23.42857143,32.28571429,27,28.42857143,36.85714286,43,37.14285714,34,21.14285714,31.57142857,39.14285714,26.42857143,31.16666667,24.57142857,NA,NA,NA,NA,54.85714286,68.57142857,50.85714286,26.57142857,52,54.28571429,37.14285714,35.83333333,40.14285714,29,33.42857143,41.28571429,52.57142857,49.71428571,34,32.14285714,41.14285714,27.28571429,34.71428571,38.28571429,46.42857143,30.14285714,31,27.8,59.33333333,66.28571429,28.71428571,43.85714286,61.14285714,32,25.71428571,39.14285714,44.57142857,36.83333333,290770026
-90.226,38.873,42.125,55,66.875,99.85714286,82.57142857,78.25,70.25,51.625,43.42857143,44.85714286,51.375,62.125,62.125,76,85,84,47.75,68.75,53.14285714,52.75,44.5,66.375,50.375,39,41.5,64.25,64,58.28571429,45,83.5,65.125,52,28,20.14285714,23.625,52.42857143,41.125,40.28571429,39.28571429,30.375,18,41.75,44.14285714,75,68.875,72.4,NA,NA,NA,83.375,60.66666667,62.28571429,75.28571429,75,41.57142857,60,82,81.28571429,74.5,60.5,48.375,59,28.57142857,57,78.625,121.625,83,33.5,50.375,50.5,84.875,0,0,0,0,0,0,0,0,72,48,36.28571429,41.5,48.75,74.625,16.71428571,37.28571429,60.875,38.625,291831002
-90.344,38.522,48.875,61.375,93.5,82.75,83,63.5,78.375,50,38.75,52.57142857,76.375,80.25,52.375,80.4,79,79.85714286,37.125,51.125,67.75,87.75,74.4,106.875,66,52.5,53.25,53.5,64,64.5,35.5,48.6,NA,NA,NA,NA,25.57142857,25.28571429,32.5,34.5,37.25,31.375,31.5,54.85714286,50.25,73.125,58.5,62.5,53.625,73.71428571,86,82.375,48.125,42.375,91.625,96.875,69.14285714,89.625,83.625,87.125,96.75,97.375,69,94.57142857,49.75,87,104.1428571,105.375,57,44.625,70.16666667,62.5,81.625,35.875,37,37.125,45.5,57.83333333,66,97.75,76,57.5,59.625,35.75,52.875,55.71428571,51.375,8.375,44.5,46.125,41.14285714,291890001
-90.496,38.614,46.125,60.75,87.625,74.25,81.875,71.5,72.875,37.625,41,43.125,64.875,67,56,90.5,85.75,82,40.71428571,44.5,61.125,69.5,61.25,86.4,58.14285714,48.25,51.25,52,63.75,63,46.25,60.57142857,60.75,39.25,25.125,30,23.71428571,33.625,32.75,34.75,36.875,30,26.5,45.25,48.25,56.625,58.375,55.375,44.125,63.5,69.75,72.375,62.25,53.75,89.125,87,62.375,78.25,101.1428571,78.375,99.5,77,60.75,78.625,47.5,60.25,88.75,114.125,62.125,42.375,69.5,58.375,69.875,52.125,43.5,39.75,44,55.875,60.71428571,71.25,83,62.75,54.375,30.875,50.375,46,53.375,16.75,42.5,46.25,38.125,291890006
-90.346,38.642,47.75,60.375,86.25,87.75,84.625,74.875,73.875,46.42857143,40,42,71.375,70.75,56.5,65.5,87.875,82.5,39.375,61.125,64.125,75,66.25,97.66666667,60.5,46.5,52.625,66.375,60.83333333,64.625,43.57142857,64.375,67,47.125,25.625,28.75,24.125,37.33333333,35.875,35.25,38.875,32.75,22.875,43.5,NA,69.5,60.75,64.625,48,69.75,79,85.5,46.75,46.5,111.25,111.375,61.875,108.2857143,117.125,88.25,109.25,76.25,61.75,79.25,36,63.875,84.16666667,105,NA,NA,NA,72,78.875,30,41,41.375,40.625,48.875,50.5,62.71428571,76.125,60.625,55.125,29.5,43.125,41.75,48.375,11.625,34.875,45.25,31.5,291893001
-90.286,38.766,47.33333333,62.5,79.75,104.625,95.625,87.5,73.14285714,47.125,49.25,47.75,73.5,77.625,68.66666667,74.375,92.375,91.25,45.625,75.5,69.375,74.28571429,51.375,83.25,61.5,49.625,52.25,75.625,72.71428571,60.625,47.375,86.5,94.875,54.375,NA,33.33333333,36.75,59.375,45.6,43.875,45.125,31.25,24.25,41,50.375,77,75.14285714,71.5,50.375,80.25,99.25,78.75,53,53.375,93.875,82,49.28571429,104.375,86.75,86.5,83,86.125,60.125,79.625,21.14285714,55,62.5,111.75,71.375,36.875,51.85714286,54,77.25,55.625,48,44.5,45.875,34.71428571,55.66666667,48.375,81.125,67.25,43,26.125,43,42.28571429,55,8.5,35.25,50.5,26.375,291895001
-90.379,38.728,51,65.375,82.75,88.625,89.375,85.71428571,71,46.25,43.75,46.125,74.625,75.125,62,63.125,103.125,95.875,41.875,63.125,65,78,61.125,97.42857143,64.2,45.5,48.75,61.75,63.625,60.75,52.125,76.125,83.375,56.25,32.5,30.125,29,51,40.625,42.42857143,44.125,36,30.25,52.125,NA,80,76.25,71.375,53.875,83.42857143,98,100.125,55.375,58.375,99.875,107,73.75,107.75,158.2857143,97.625,116.625,81,60.125,87.75,39.85714286,53.375,82.25,122.625,68,44.25,68.85714286,68.5,96.25,58.875,48.875,47.625,44.75,47.42857143,52.75,56.625,90.5,65.375,52.125,27.375,44,43.57142857,52.875,10.25,40,49.625,35.83333333,291897001
-90.264,38.543,NA,52.125,71.375,71.375,73.125,25,64.75,33.25,31.5,35.5,68.25,71.875,49.75,89,56.5,60.625,29.875,43.375,64.375,73.625,66.375,72.75,54.66666667,44.625,48.5,48.625,58.25,49.5,41.875,52.25,50.75,35.625,23.875,20.75,24.42857143,20.5,28.375,28.75,31.625,27.875,25.25,44.375,46.5,54.83333333,51,56.375,47.125,58.75,59.625,61.875,38.75,35.5,62.75,67.5,66.75,72.8,NA,90.71428571,77.125,90.875,68.5,88.25,48,67.125,74.5,76.5,55.625,43.375,52.625,47.28571429,63,42.25,36.875,37.75,42.75,48.625,54.375,79.5,62.625,50.375,57.125,32.375,35.33333333,36.75,49.625,9.875,40.875,41.625,33,295100007
-90.284,38.621,NA,39,83,76.125,67.71428571,60.5,59.25,35.75,27,37.375,62.75,62.75,42.875,67,65.875,65.25,30.875,50.625,56.25,62.875,54.625,NA,49,36.5,42.5,52.25,46.25,55.625,39.625,53,54.75,38.875,18.375,22.875,23.5,26.5,28.16666667,28.625,30.625,26.125,18.5,35.375,39,59,49,55.25,45,58,70.125,66.625,35.33333333,38.625,85.125,98.875,55.875,91.5,86.75,80.375,85.5,73.375,58.875,74,36.25,59.375,63,95.25,53.75,35.5,48.75,46.25,64.625,48,NA,NA,35.83333333,39.375,43.5,59.875,58,42.25,45.375,25.75,33.375,33.375,35.5,6.25,29.125,34.625,22.625,295100062
-90.199,38.624,NA,41.25,56.85714286,71.75,70.5,55,NA,NA,NA,31.75,63.5,60.625,41.5,62.375,59.25,60,29,41.875,52.375,54.625,60.66666667,53.625,43.875,33.875,41.375,44.75,47,49,NA,39.14285714,38.25,28.375,16,18.375,19.5,21.625,26.5,27.85714286,35.125,26.875,17.875,30.625,35.875,47.75,41.5,54.25,48.625,58.6,54.85714286,58.125,33.625,30.75,56,NA,17.33333333,58.125,65.625,79.75,72.125,72.375,58.125,70.42857143,27.875,54.375,56.75,78.625,53,35.625,39.625,40.375,57.75,30.375,27.125,31,35.125,36.71428571,39.375,53.5,52,41,40,26.625,29,31.375,33.57142857,3.375,23.875,31.25,20.5,295100072
-90.247,38.683,NA,46.375,66.875,81.625,70.875,64.83333333,60.5,36.25,31.375,38,62,60.875,50,66.75,70.875,68.375,33.75,56.25,53.75,63.5,49.66666667,67.75,51.625,40.75,42.75,52.125,56.625,56.25,44.16666667,58.5,56.5,38.625,18.25,24.57142857,NA,NA,32,35.125,33.625,27.875,20.375,35.75,46.75,59.25,55.125,63.5,52.25,60.625,68.8,74,52.875,52.5,97.75,103,65.25,88.16666667,95.75,96.125,92.25,82.75,67.25,91.125,38.625,51.8,65.83333333,NA,63.75,NA,NA,50.14285714,67,44.125,40.125,40.25,45.625,37.875,46.625,57.2,66.125,53.5,39.875,24.375,35,36.125,55.75,6.625,34,40.375,28.75,295100080
-84.052,40.772,55.75,49,63.5,71.875,82.375,82.25,40.875,55.125,65,43.625,61.875,71.25,77.375,76.14285714,75.5,NA,102.2857143,45,48.25,53.25,45.125,61.625,78.83333333,51,36.25,50.25,62.5,49.125,46.33333333,39,62,39.5,49.375,43.875,46.375,51,43.375,43.5,36.625,39.25,41.625,31.25,32,46.16666667,60.875,75.25,69.75,53,48,52.33333333,75.875,71,53.25,35.5,48.8,67.125,76.875,53.25,65.375,60.875,66.5,61.875,57.375,34,50.125,66.75,67.375,39.125,31.16666667,44.625,62.75,78.625,67.25,70,70.875,37.25,49.83333333,51.875,59.83333333,47.75,47,33.25,32.75,26.375,31.33333333,21.5,20.25,60.625,38.75,390030002
-84.544,39.383,39.66666667,31.625,43.75,50.125,56,49.125,31.75,51,47.625,13.25,35.5,37.25,39.875,36.125,61,NA,31.875,23.375,29.125,36.375,28.71428571,64.625,37.875,30.375,28.75,30.75,34.25,41.375,16,14.875,30.75,43.875,20.625,14.75,22,26.125,12.28571429,23.125,21.75,26.875,22.875,12.57142857,14,28.25,46.75,32.375,42.625,33.85714286,38,44.5,44.14285714,38.125,31.375,28.75,13.625,50.375,48.625,26.625,27.71428571,23.125,44,27.625,23.75,10.375,18,21.75,31.125,18.75,12.875,22,55.5,25.25,33.125,44.5,8,18.625,40,12.57142857,35.875,11.75,26.875,15.125,24.25,9.285714286,27,26.125,10,30.125,18.5,390170004
-84.391,39.531,NA,NA,NA,NA,NA,NA,NA,NA,NA,NA,NA,NA,NA,NA,NA,NA,NA,NA,NA,NA,NA,NA,NA,NA,NA,NA,NA,NA,NA,NA,NA,NA,NA,NA,NA,NA,NA,NA,NA,NA,NA,NA,NA,NA,NA,NA,NA,NA,NA,NA,NA,NA,NA,NA,NA,NA,NA,NA,NA,NA,NA,NA,NA,NA,NA,NA,NA,NA,44.5,57.125,93,80.125,76.375,89.25,57,21.625,27.5,19.125,20.125,10.125,NA,NA,61.33333333,20,52.625,60.625,32.125,65.75,43.625,390171004
-83.804,40.001,57.125,59.25,65.57142857,71.875,90.25,81.25,46.875,62,69.5,40.375,57.5,83.25,104.875,84.6,91.6,93,70.28571429,43.375,58.125,66.375,54.125,77,81.125,57,45.875,52.875,68.71428571,64.28571429,43.125,39.625,66.875,55.375,54.375,38.25,58.375,57.25,39.5,52.14285714,47.875,55.5,NA,NA,43.25,54.625,71.5,88.875,81.375,74.125,60.25,49.875,80.375,95,57,40.875,39.875,76.25,79.5,50.625,56.625,50.125,67.375,47.625,55.5,36.625,56.5,78.125,96,46.75,36.125,57.375,76,55.625,73.25,81.625,92.375,47.625,65.25,59,60.125,40.875,54.375,38.75,42.375,22.125,58,45.875,21.625,62.5,32,390230001
-83.996,39.856,51.5,56.5,65,77.5,87.625,86.42857143,46.25,59.75,68.375,37.625,56.875,82.375,101,70.125,94,81.5,69.5,43.75,62.625,63.75,57.625,83.625,89.5,53.5,42.625,51.25,69.375,72.14285714,38.75,36.5,68.125,59.625,58.125,39.375,51,59,51,48.125,44.5,45.875,49,34.5,39.57142857,53.625,69.125,84.25,81.5,82.25,72.75,74,87.5,99.25,71.25,45.625,35.125,72,86.25,62.625,58.875,46.125,68,74.85714286,55.625,29.75,56.75,84.875,98.125,52.75,34.625,54.125,78.125,62.25,73.375,89.125,93.125,54.28571429,77,60.25,75.125,40.75,57.5,34.75,43.625,11.375,59.125,48.625,15.375,64.125,33.875,390230003
-84.176,39.076,48.125,56.83333333,66.625,96.25,102.75,89.375,59.625,58.125,67.71428571,31.875,69.875,68.25,67.375,33.75,88,89.14285714,41.375,36.125,48.625,55.75,60.625,66.57142857,74.625,60,48.75,58,75.28571429,84.75,37.75,31.5,78.125,56.375,47.625,41.75,57.28571429,57.75,25.125,37.5,41.875,44,49.25,34.375,30.85714286,62,68.75,81,80.125,98.25,81.125,97.42857143,105.875,73.125,66.5,71.25,25,58.14285714,70.625,58.875,75.125,70.625,70.875,47.625,81.42857143,42.625,56.5,82.25,79.25,67,40.375,52.71428571,75.25,54.5,63.5,72.125,66.75,45.33333333,63.375,68.625,63,47,81.5,42,41.375,27.25,72.75,61.57142857,17.375,57.75,43.5,390250002
-83.787,39.427,49.25,57.57142857,65.625,79.5,93.25,81.125,56.125,58,66.875,31.625,62,71.75,79.625,60.625,90,87.875,58.25,45.625,51.375,64.625,60.25,74.875,83.75,61,48.125,59.625,75.625,86.625,45,38.75,72.875,56.875,52.875,51.75,58,63,44.625,54.125,49.125,49.25,53.375,37.375,45.75,58.33333333,67.75,79.375,77.375,86.625,84,71.75,90.5,75.375,85.125,56,45.125,52.375,75.875,64.25,66.375,62.875,73.25,73.375,76.42857143,NA,68.8,69.875,79,61,41.375,49.33333333,72.5,62,75,67.125,68.25,48.375,57,66.125,60.125,52.125,67.25,37,42.25,29.5,64,60.375,26.375,57.5,37.5,390271001
-83.041,39.993,45.16666667,50.625,53,69.125,82.875,72.125,36.375,44.5,42.875,25.375,47.25,60.625,63.625,54.625,102.875,106.125,63.14285714,38,48.5,59.375,50.625,58.375,56.83333333,52.375,40.5,51.25,68.25,55.16666667,18.625,33.25,60.875,55.375,49.375,41.25,47,56,41.66666667,48.75,44.875,41,47.625,32,41.125,49,62,66.5,69.125,71.625,56.83333333,63.625,84.5,88.875,77.375,51.625,47.5,58.625,82.375,65.875,65.625,59.875,72.375,61.125,55.125,34.375,52.125,64,NA,NA,NA,NA,NA,NA,NA,NA,NA,NA,NA,49.25,55.25,28.375,56.75,35.375,35.75,16.25,29,49.5,25.625,56.625,28.625,390490004
-82.993,39.962,30,41.5,48.5,74.25,87.75,71.25,28.375,46.125,41.5,8.5,46.75,60.25,59.375,47.125,82.625,84.25,44.66666667,34.75,44,52.25,41.25,69,68.14285714,44.625,37.125,51,61.25,56.75,15.16666667,21.875,52.625,52.25,42.25,29.125,36.25,49.125,36.5,39.25,36.75,30.5,34.625,20,34.42857143,50.25,62,68.625,72.125,69,56.625,66.14285714,76.625,77.875,70,46.25,40.28571429,47.375,67.625,49.875,54.625,46.75,58.125,50.625,42.875,21.125,47.57142857,71,81.75,53.25,21.625,42.875,66.25,55,60.375,69.375,69,41.75,59.57142857,49.75,49.625,27,49.5,30.875,30.375,12.33333333,24.75,37.375,12.5,52.875,7.833333333,390490015
-82.96,40.087,43.875,52.875,53.625,72.875,86.125,75.16666667,40.625,53.625,43.625,25,53.625,66.75,71.125,67.28571429,95,108.375,51.5,33.5,37.5,42.66666667,47,70.85714286,58.5,39.375,30.125,37.375,48.25,37.5,22.75,21.625,50.625,51.375,51.625,32.875,39.875,49,41.875,40.71428571,41.5,34.25,41.125,29.375,34,55.75,64,69.25,66.75,67,55.625,63.125,75.625,77,65.75,43.125,42.75,49.875,89.875,62.83333333,58.5,52.5,59.875,55,53.625,33.5,48.5,67.625,80.125,47.75,29.14285714,67.66666667,62.8,62.75,57.125,67.625,64.625,44.125,56.125,NA,58.6,19.125,48.25,28.75,32.5,20.125,28.85714286,31.125,14,47.125,18.875,390490081
-84.366,39.279,47.25,49.85714286,57.625,84.625,84.375,67.57142857,46.75,49.625,64.875,21.125,62.375,78.375,93.625,24.5,85.25,86.57142857,52.25,50.5,54.125,54.14285714,51.16666667,68.25,63,54.5,47.375,53.875,62.85714286,77.625,39.5,32.625,65.5,56.625,51.5,32.28571429,50.71428571,48.625,32.375,43.125,43.5,55.875,46.42857143,25.375,26.5,49.625,76.375,85.375,84.75,74,76.75,100.625,118.5,94,78.125,59,28,65.57142857,86.625,51.375,72.75,59.5,74.75,66,68.75,34.125,48.125,78.625,92.25,56.25,36.85714286,49.375,73.875,70.5,69.85714286,87.625,82.625,39.75,73.875,57.875,73.875,48,72.5,36.625,40.625,13.85714286,59.625,53.42857143,17.875,61.25,NA,390610006
-84.7,39.216,42.75,47.25,57.875,53.25,60.25,42.875,42.625,38.125,60.71428571,24.875,60.625,52.375,55.375,13.625,97.66666667,96.75,39.375,29.125,25.125,14.875,51.75,87.75,65.25,57.125,48.125,47.25,56.25,67,27.71428571,37.125,56.125,67.875,31.5,21.25,48.14285714,49,19.375,32.375,17.57142857,14.125,37.125,33.125,12.875,48.57142857,86.125,54,63.375,67,71.125,76.125,71.25,50.5,59.25,NA,NA,95.125,71.625,32.85714286,63.75,50.375,46.75,24.5,57.625,42.75,53.5,70.75,69.125,53.75,41.25,58.875,79.25,42,57.375,66.125,66.125,32.625,56.5,59.25,69.875,35.25,72,36.5,43,14.75,51,51.625,19.5,49.25,37.5,390610010
-84.546,39.14,39.875,60.625,76,90.625,90.875,82.375,64.75,62.75,72.875,24,56.625,64,81.875,24.875,92.625,106.5,60.25,55.25,51.125,61.28571429,62,90.25,72.5,56.75,50,53.625,60.375,82.14285714,29.625,27.75,64.875,69.125,40,37.14285714,42,47.5,24,40.625,29.875,47.5,36.5,31.375,30.375,37,80.625,67.375,72,62.25,62.5,89,105.375,80.625,76.875,73.375,22.5,88.125,86.125,46.5,75.75,59.375,80.5,55.625,67.375,42.5,65.625,75.625,78.375,55.875,41.625,55.25,79.625,51.5,60.25,76.375,72.125,30.875,62.625,56.875,56.375,35.625,71,36.125,38.125,12.625,57.25,47.5,15.375,41.875,37.875,390610019
-83.53,41.647,51.75,32.375,57.125,43.25,67.625,64,39,44.125,62.25,42,58.375,66.375,51.625,33.875,44.5,62.57142857,88.375,49.375,41.375,42.5,51.875,66.625,72,46.75,34.125,NA,49.375,19.125,27.875,32.875,52.75,48.5,53.625,38,45.125,46.5,44.42857143,55.16666667,46.125,41.625,47.875,28.125,43.25,42.75,60.375,74.25,65.5,52.75,52.875,79.375,79.75,70.25,46.85714286,42.5,25,59.375,70.625,69,47.57142857,51.375,52.75,51.25,58.375,30.75,20.75,68.875,30.5,39.375,22.75,33.75,47.375,49.4,NA,51.25,43.25,22,NA,NA,NA,NA,35.75,28.375,NA,60,14.57142857,12.625,14.75,51.625,31.8,390950006
-83.476,41.718,47.625,29.5,51.375,43.25,62.75,59.875,33.25,43.5,56.125,32.875,56.25,64.375,63.75,56,59.75,64.625,102.75,52.5,45.875,39.71428571,61.125,63.125,75.75,44.5,28.875,45.125,46.375,17,36.125,34.71428571,51.25,44.5,56.625,34.75,51.875,44.71428571,40.75,49.625,53,46.125,45.875,26.66666667,45.5,65.75,65.75,76.75,69.625,50.625,51.625,106.75,82.5,76.125,56,45.875,41.625,60.5,77.42857143,91.75,52,57,60.625,59.75,56.25,39.25,47.25,72.625,39.75,45.625,31.375,43.125,63.125,81.125,66.875,75.125,70.75,42.75,49.57142857,44.875,41.14285714,37.125,36,27.625,16,24,20.6,20,17.25,50.875,27,390950081
-84.195,39.814,46.25,48.75,60.625,72.875,80,72.625,42.625,53.5,60.875,30.125,50.75,60,85.66666667,60.375,81.125,73.5,64.25,38,NA,63.125,55.125,78,77.625,50.125,41.5,47.125,61.625,64.875,22.85714286,31.125,49.375,47.5,38.75,31.125,45.125,50,37.5,36.125,36.25,42.5,40.375,29.25,33.625,48.625,66.25,68.25,68.625,72,73.5,87.42857143,78.375,84.125,67.5,45,33.25,78.375,83.875,50.625,53.625,45.375,58.375,60.625,55.125,23.375,50,74.71428571,79.5,41.875,29.5,46.625,62.5,58.375,66.5,81.5,75.25,47.125,68.125,51.875,63.5,29.125,44.375,31.875,34.625,16.83333333,NA,NA,NA,NA,NA,391130019
-84.721,39.836,19.875,30.16666667,71.28571429,78.25,86,83.125,47.625,61.75,58.625,37.875,65.75,61.625,76.25,70.875,87.625,86.28571429,63,40.625,43.625,63.875,58.42857143,72.125,85.5,56.71428571,44.125,49.25,65.125,62.42857143,41.5,51.33333333,60.125,59.875,36.75,28.875,45.71428571,43.875,30.625,33.875,33.5,35.25,38,33.75,32.5,49,64.625,59.25,63.625,60.625,67,78.71428571,80.5,63.875,55.375,46.5,NA,NA,NA,57.83333333,68.25,50.125,65.125,59.25,56,36.375,57.625,77.375,77.75,48,41.625,53.75,73.5,64.75,62.375,65.5,70.875,50.75,67.625,57.25,60.875,41.25,54.875,38.5,39.25,21.75,54.125,36,31.75,57.875,37.75,391351001
-84.203,39.427,47.875,53.875,64.25,82.875,90.875,75.125,45,53.125,65.75,19.25,59.375,77.625,88.75,58.125,91.25,88.875,58.57142857,47.5,50.125,60,54,67.85714286,73.625,50.5,41.625,51.625,65,75.375,39.66666667,33.125,63.625,56.375,50.25,33.875,58.375,62.375,32.5,47.125,42.125,52.25,45.125,27.75,32,50.625,66.25,84.25,81.625,71.25,74.75,92.125,101.75,86.875,85.125,55.875,30.75,63.25,78.125,52.5,68.14285714,56.375,72,51,60.5,31.375,52.75,77,91,50.625,34.375,47,67.125,68.875,67.25,73,74,35.375,60.5,55.42857143,56.875,46.875,63.875,32,36.125,20.625,57,52.875,20.375,57.75,33.625,391651002
-89.413,43.559,50.5,52.875,67.125,74.75,75.625,53.75,52.5,49.625,46.75,66.375,75.625,60.375,65.125,75.75,93.625,80.875,92.75,52.625,34.375,71.875,64.875,80.25,46.5,38.75,39,51.75,52.5,48.125,52.875,72.25,43.375,55.375,45,49.75,64.375,66,61.125,55,55,50.75,33,43.75,48.875,63.5,72.5,65.125,53.625,54.375,61,71.375,83.875,59.75,60.5,46.25,32.375,42.875,59.25,57.875,70.625,71.125,45.5,50.375,42.625,36.375,60.8,38.75,37.25,35.125,43.125,59,65.25,39.5,36.875,44.875,37.125,41.14285714,44.25,36.5,45.875,54.375,28.75,25.375,32.5,28.125,34.75,43,34,34.25,36.125,550210008
-89.363,43.118,40.25,43.625,58.875,64.875,68.375,47.125,45.5,36.375,38.5,55.625,72.625,58.25,51.625,86.71428571,75.75,84.375,92.625,68.75,25.375,62.625,69.83333333,77.375,40.25,34.625,32.75,46.5,49.16666667,47.125,48.375,64.25,40.625,52.5,35.25,43.625,44.5,56.5,54,41.875,44.25,44.875,26.125,34,41.125,52.5,57.25,55.5,45.75,44.375,60,63.75,65.875,52.875,52.375,44,15.625,38.25,50.625,57.25,60.125,61.875,42.5,43,38.125,38,55.375,46.5,35,30.75,45.75,56.125,63.625,34.25,28.875,51,39.625,36.75,42,33.75,43.2,45.125,25.125,25.875,29.75,25.75,24.625,32.85714286,22.25,34.375,31.375,550250026
-89.335,43.247,38.75,43,55.375,66.625,66.75,47.375,44.5,38.625,42.66666667,54,64.5,57.375,49.75,81.25,84,82.875,93.875,66.25,24.125,61.625,64.75,76.75,38.5,33.625,32.75,44.875,49.28571429,46.5,45.375,67.375,43.875,52.375,36.125,46.625,51.875,58.875,54.625,44.5,45.25,41.75,27.57142857,35.5,41.25,56.625,62.875,57.375,44.625,43.25,58,63.375,66,48.75,49.125,42.25,19.5,40.25,48.75,55.875,65.125,62.5,39.625,40.25,32.875,32,56.125,45.375,34.5,30.5,40.625,59,63.875,36.75,32.5,46.125,38.375,33.625,40.5,31.5,47.375,50.28571429,25.875,25.875,27.875,20.75,29,36.375,27,30.875,30.25,550250034
-88.622,43.469,41.375,43.625,58,70.125,71.75,54,45.625,40.42857143,50.66666667,61,72,61.25,53.375,82.25,92.28571429,96,106.4,73.875,31.875,58.875,62.28571429,75.125,28.625,21.625,19,38.25,57,44.625,41,72.75,41,44.75,44.625,54.28571429,64,65.14285714,66.75,59.33333333,58.875,50.125,31,33.75,38.125,58.625,73.625,73.625,55.75,59.125,74.75,69.71428571,81.875,61.5,51.75,45.25,40.375,47,55.16666667,73.75,86.83333333,63.625,37.625,47.375,39.14285714,36.5,57.375,39.75,31.75,29.625,35,55.875,57.375,40.375,31,44.375,33.5,35.625,39,31.75,45.75,50,24.75,21.875,35.66666667,25.375,31.14285714,39.25,27.25,32.125,31.2,550270001
-88.436,43.756,39.25,41.625,49.125,63,61.875,43.42857143,45.75,42.75,40.5,56,64.875,54,46.625,64.5,89.25,80.375,78,57.25,35.75,56.4,59.5,73.5,34.75,31.875,30.25,47,49,41.75,36.75,63.375,40,36.875,43.125,49,60.5,54.125,54.375,47.875,47.625,39.875,24,34.125,34.375,55.5,58.875,63.75,46,40.28571429,49.875,58.75,66.375,49.625,49.375,33.25,38.75,42.375,47.75,54.625,66,72.25,37.375,36.66666667,36.375,35.875,57.625,42.375,31.375,32.125,34.625,55.875,56.25,44.375,24.75,40.125,31.875,31.28571429,34.875,32,44.25,44,26.125,21.875,26.71428571,26.125,31,37,25.375,28.25,31.71428571,550390005
-88.812,43.001,39.875,47.625,61.375,71.375,66.75,49.625,49.125,37,46.375,58.875,67.625,65.5,49.125,83.25,86,89.625,92.625,81.75,44.75,58.25,68.5,78.28571429,38.75,35.5,33.75,47.75,51.5,45.8,44.375,64.5,44.75,48.5,30.875,45.625,51,60.375,52.75,44,47.375,41.375,24.75,36.375,39.5,58.5,64.125,64,50.375,49.75,56.75,59.875,68,47.875,51.25,43.125,28.875,41.75,44.2,58.5,62,74.75,40.75,51.5,40.375,38,59,52.75,35,29.125,47.375,70.125,62.875,42.875,36.25,49.5,40.875,40,39,35.875,53.375,52,27.125,27.375,32.875,27.75,23.75,33.625,26.125,37.625,33.5,550550001
-87.826,42.559,43.125,34,54.25,82.75,75.75,54.5,38.875,43.125,38.42857143,58.625,71.875,93.75,37.25,62.375,85.75,162.5714286,93.25,72.375,76.25,50.625,57.125,130.75,48.125,37.625,36.5,51,41.75,46.2,42.71428571,58.5,59.375,44.375,41.75,57.125,73,80.75,55.42857143,51.375,59.5,49.28571429,13.75,35.875,37.28571429,50,80.625,82.875,53.25,55.375,63.75,106.375,87.71428571,55.125,49.625,35.25,25.75,32,69.75,62.14285714,68.75,72.625,54.75,77.25,29.75,28.125,50,57.375,34.25,34.125,41.5,51.625,57.5,60.33333333,35.375,51.25,40.42857143,37.375,28.25,38.125,60.85714286,48.375,27.75,27.875,24.75,16.875,10.375,28.25,25.25,42.125,31.75,550590002
-87.518,44.453,42.625,46.5,43.125,55.125,65.75,44.75,39.625,46.125,39.25,52.25,69,69.125,39.875,64.375,74.75,112.625,89.33333333,44.75,47,49.625,53.125,92,36,34.25,28.375,49,47.625,28.125,35.75,56.75,35.125,28.75,53.625,52,58.75,56,57.5,57.5,52,43.125,13,29.625,39.125,53.75,90.375,89.5,50.25,38.57142857,48.625,80.5,75.125,51.875,34.125,24.75,32.875,42.625,78.25,73.5,52,61.375,33.875,54.625,24.85714286,32.625,47.5,37.875,33.875,32.125,37.375,59.5,52,66.875,42.5,40.875,42.875,32.625,42.28571429,33.875,44.25,55.375,26.875,22.125,33.875,41.125,38,39.375,39,33.75,35.5,550610001
-91.229,43.812,41.75,49.5,57.75,67.625,66.5,49,44.375,43.75,31.375,68.625,61.5,75.375,54.33333333,62,70.5,66.625,54.75,35.375,53.5,61.16666667,62.125,64.25,45.375,33.375,40,43.625,45.75,40,53.25,49.125,34.75,43.5,43.625,39.28571429,42,50.625,45.875,46,40,36.75,30.71428571,37.375,45.5,48.75,49.375,54.625,35.125,37.75,48.85714286,64,65.42857143,44.875,54.125,37.125,34.875,41.28571429,46.375,54,46.375,54.5,47,37.625,29.375,28.375,45,38.5,41.8,37.375,33.875,52.125,46,35.375,29.5,40.375,38.375,31.5,37,33.75,47.25,46.33333333,30.25,28.125,28.875,25.375,23.57142857,28,33.125,33.5,34.625,550630008
-87.673,44.08,44,41.75,45.625,69.75,72.625,41,38.875,48.375,41.125,61.42857143,81.5,66,40.625,63.875,83,137.75,94.25,48.5,44.375,50.14285714,66.125,108.75,NA,40.375,31.75,52.5,55.875,31,36,66.375,36.375,29.25,56.75,56,66.375,66,60.25,61,72.75,46.375,19.5,31.75,38.875,59.125,104.375,96.5,54.25,42.2,54.125,103.875,81.57142857,58.125,49.75,25.625,32.875,38.375,83.625,73.375,72.4,66.5,42,54.75,27.66666667,32.75,49.25,41.875,37,30.5,44.875,58.5,57.5,74,42.625,52.875,42.125,34.75,36.71428571,36.25,48.875,58.25,27.375,24.125,31.875,37.125,34.25,46.75,26.625,32.5,35.875,550710002
-87.883,43.074,38.375,35.625,48,78.375,68.875,38.8,38.875,43.5,39.5,64,77.5,83.25,41.75,72.375,93.14285714,157.625,125.3333333,59,41.75,51.375,53.6,131.7142857,37.75,34,32.75,51.625,49.25,42,40.375,68.625,46.28571429,41.625,54,55.14285714,72.625,68.66666667,55.75,43.75,60.875,46.625,14.75,33.5,40.875,56.75,101.8571429,91.625,54.625,50.875,69.71428571,119.625,75.71428571,53.5,58.875,33.5,33.57142857,36.875,68.375,75.75,79.625,78.875,46.5,70.75,29,28.75,50.375,48.75,40.5,34.125,44,60.75,60.875,58.875,30.625,48.125,36.75,39.125,25.42857143,35,56.75,50,27,25.125,27.625,14.75,25.375,36,20,38.375,29.375,550790041
-88.006,43.093,34.875,41.25,49.5,78.125,68.75,40.57142857,41,38.57142857,42.75,54.875,62.875,55.375,36.75,65.625,89,87.33333333,138.625,78,36.25,48.25,54.5,93.125,31.42857143,26.625,26.375,46.75,45.25,41.5,41.8,68,37.5,41.125,48.75,47.42857143,68,62.375,55.75,46.75,53.75,44.125,12.125,30.125,40.75,46.75,62.125,65.125,55.25,55.625,66.25,67.75,75.75,51.625,63.375,33.75,20.85714286,22.75,47,69.875,79.625,95.625,39.5,46.875,31.2,32,59,45.42857143,32.375,29.25,44.625,40.875,54.375,43.875,18.125,48,34.375,34.625,22.625,29.5,62.33333333,45.42857143,25.625,22.625,27.75,13.5,22.125,37.625,17.25,38,27.625,550790044
-87.965,42.982,46.5,50.57142857,47.25,84.75,73.375,41.625,38.625,36.75,51.25,65.25,76,68,27,68,95.25,107.75,132.25,72.75,41.375,47.25,47.375,102.875,37.5,35.125,34.25,51,47.75,40.75,39.25,71.125,44.75,39,42.75,47.875,62.375,62.5,56.5,43.75,51.875,44,12.625,31,37.42857143,51.625,67.875,70.125,53.25,50.375,60.85714286,72.375,78.125,55.25,71.375,30.875,20.875,32.25,52.75,72.125,77.5,99.25,44.75,55.5,29.57142857,31.57142857,68.375,53,31.75,35,41.25,51.875,52.125,48.25,29.625,50.25,38.125,40.5,27.625,38.625,56.75,52.5,29.25,26.625,29.5,23.57142857,21,31.125,14.5,41.75,33.5,550790048
-87.901,43.181,44.25,42.625,50.25,81.375,69.625,49.28571429,40.875,47.125,49.75,62.75,80.125,69.875,45.5,89.125,94.5,157.375,120.875,48.875,40.5,48.25,57.875,125.7142857,35.25,35.125,32.75,50.5,51.75,42.25,39.625,68.75,45.875,37.625,53.625,55.875,74.75,67,58.625,51.25,65,46,19.625,40.16666667,42,56.375,96.5,92.125,54.625,57.875,70.28571429,118.5714286,81.85714286,58.375,60.875,31.875,49.71428571,35.5,68.625,71.83333333,76,81.625,42.375,76.875,30.75,30.125,51.625,50.25,42.5,33.25,44.875,60.75,61.75,61.375,35,51.875,40.875,41.66666667,27.25,36.125,58,53.25,29.625,26.75,40.66666667,19.125,33.25,45.5,30.375,40.25,34.75,550790085
-87.878,42.896,45,41.5,51,79.5,71.875,44.875,35.625,43.125,49.125,61.75,74.125,82.75,39.75,75.125,90.5,137.375,118.375,73,48.625,50.75,52.75,112.75,39,37.375,35.5,51.5,50,43.57142857,40.75,70.875,48.125,39.875,47.75,54.375,70,64.25,51.875,44.75,49.125,45.875,9.833333333,37,37.875,56.125,82.75,79.5,49,51.625,61.875,83.85714286,75.5,54.75,57.125,34,29.125,34.5,65.125,78.5,80,95,54.5,57.625,30.57142857,33.125,69.625,54.83333333,40.625,34.625,45.5,60.375,60.75,61,39.125,49.5,45.125,48,31.625,43.25,67,57.57142857,31.125,28,32.625,24.75,31.375,37.125,22.25,46.125,36,550791025
-88.386,44.314,36.625,42.375,43.875,62,62.25,35,39.875,44.875,36.5,53.375,59.875,50.625,43.625,68.75,80.75,72.5,61.625,37.875,36.375,46.625,53.625,62.375,35.375,31.875,27.5,46,44.5,35.375,35.375,59.875,32.375,35.5,43.125,47.28571429,64,57,50.875,49.5,50.125,40.25,16.625,29.75,33,49.25,60.125,67.875,47,39,46.375,63.625,69.5,48.125,41.875,38.375,38.5,42.5,60.75,57.75,50,65.75,31,36.6,23,30.625,57.625,35,24.75,32.25,35.625,57.85714286,58.75,48,32.75,38,38,27.625,34.875,31.875,45.875,44.75,24.625,21.75,28.875,32.875,33.125,36.875,22.375,28.625,36,550870010
-87.941,43.321,44.25,45.625,49.625,73.25,68.375,44.875,40.625,45.375,53.875,62,75,62.375,39.875,84.125,86,148.5,109.5,67.875,37.25,49.625,56.28571429,118.25,37.625,36,33,51.125,55.375,40.875,41.25,70,46.25,38.25,53.5,54.875,75,64.125,59,53.14285714,55.25,45.75,24.625,35.625,44.5,56.375,86.25,87.625,54,53.875,70.375,93.25,79.375,56.125,62.625,30.125,42.125,33.25,71.16666667,76.75,73.25,94.25,41.25,56.14285714,29.375,29.75,50.5,46.5,40.375,31.625,44.125,55.875,62.57142857,55.375,30.5,50.375,38.5,38.75,32.125,36.875,54.625,52.875,29.25,25.875,33.25,22,33.25,44.25,26.375,37.875,34.28571429,550890005
-87.799,42.714,37.28571429,37.25,43.875,82.28571429,73.875,45.25,33.25,40.125,39,57.42857143,72.75,97.75,30,62.375,101,144,109.875,73.125,67.5,35.75,51.75,128.875,41.375,33.625,33.25,50.125,46,41.57142857,34.75,63.375,50.375,43.75,49.25,56.125,74.5,77.875,55.375,50.375,76,50.125,10,38,33.375,54.625,96.8,93,55.5,56.375,89.66666667,122.375,87.85714286,55,54.625,34.375,28.125,36.25,76.375,72.66666667,82.375,79.125,60.125,89.375,26.75,28,49.125,57.375,39.75,36.5,44.25,58.625,64.5,66.375,41.125,57,45.75,38.25,31.875,38.125,67.75,50.375,25.125,27.25,28.75,16.625,25.125,21.85714286,24.25,43.375,31.75,551010017
-89.062,42.508,40.5,45.5,59.14285714,77.625,74.125,52.5,48.5,58.125,50.25,57.625,70.875,63.625,54,94.25,94,82.875,90.875,89.625,47.5,51.75,78.125,77.875,49.42857143,33.375,34.125,48,44.25,43.125,45.75,69,42,53.5,38.25,55.5,50,59.25,59.375,40.875,48.875,41.625,20,34.14285714,41.25,61.375,69.625,68.375,46.75,50.375,64.375,66.5,69.125,58.5,53.5,53.25,19.625,40.5,54.875,49.28571429,71.33333333,66.875,44.375,54.625,38.875,32.875,54.5,51,38.125,28.625,47,66.33333333,65.75,44.875,34.75,46.375,45.5,36.875,36.5,34.625,56.625,49.75,26.625,27.75,27,18.71428571,14.5,23.85714286,28.125,37.125,32.375,551050017
-88.956,42.774,38.25,43.125,54.875,75.25,67.5,53.625,50.875,48.875,42.375,54.375,69.25,64.125,53.125,88.125,86.125,84.875,89.875,86.625,40.25,53.75,71.25,75.625,52.14285714,32.75,33.125,44.375,44,42.375,46.28571429,65.75,45.5,48.625,32.875,46.375,47.25,57.875,53.875,38.5,48.625,40.875,25.75,38.5,43,62.875,62,62.25,45.5,53.875,59.875,63.875,70,49.75,56.5,50.375,30.875,38.875,49,56.25,69.83333333,68.5,51.375,50.375,39.625,36.125,53.5,54,39.25,26.75,45.625,68.25,58,47.75,34,43.375,38.25,36.125,35,35.25,52.75,48.625,27.5,28.75,28.375,22.625,26.71428571,30.375,30.125,35,31.125,551050018
-87.74,43.669,43.5,38.5,46.5,73.75,67.5,43.14285714,36,43.25,39.25,63.25,79.125,60.5,43.16666667,77.5,83.125,144.625,107.125,55,43.75,55.375,70.25,121.875,40.75,40.75,34.75,43.5,59.33333333,40.625,43.85714286,71.625,43.625,39.625,58,59.75,65.6,83.5,41.875,46.25,70,46.25,24.875,33,40.6,59.875,106.25,99.375,53.5,46.16666667,61.25,137.125,82.625,76.66666667,71.5,26.125,32.875,36.83333333,70.125,74.875,72.125,68.875,42.125,90.25,31,29.75,50.125,44.125,41.625,28.14285714,47.125,60.5,64.5,74.75,44.75,49.125,39.875,37.5,35,38.5,55.25,61.875,28.875,26.375,32.75,35.2,38.375,49.125,33.75,36.125,36.25,551171002
-88.499,42.58,NA,NA,NA,NA,NA,NA,NA,NA,NA,NA,NA,NA,NA,NA,NA,NA,NA,NA,NA,NA,NA,NA,NA,NA,NA,NA,NA,NA,NA,NA,NA,NA,NA,NA,NA,NA,NA,44.66666667,42.25,39,31.25,35.75,34.5,67.625,56.66666667,66,48.875,54,67.75,68.25,75.75,54.42857143,57.375,46.375,34.625,49.66666667,51.5,56.625,63.375,67.625,46.5,58.75,42.16666667,48.875,61,58.5,39.75,29.875,48.625,72.375,77.14285714,65.5,42.125,50.25,44,39.5,38,38.875,60.75,54.375,28.375,30,31.125,27.75,23,26.125,27.375,41.875,34,551270005
-88.284,43.333,45,48.625,51.375,75.125,70.625,46.875,46.25,43.85714286,51.625,63.125,73.5,61,44,89.75,109.5,94.75,109.125,81.5,36.375,63.5,67.25,82,37.875,36.25,33.375,50.875,54.375,43.125,39.875,70.125,43.75,40,46.125,61.75,75.42857143,60.5,57.25,51.375,54.125,44.28571429,25.875,35.625,42.125,57.75,66.125,67,52.625,48.57142857,58.875,66.66666667,71.25,54.125,48.125,35.25,40.625,46,54.42857143,66.5,80.375,95.375,39.375,49.125,32.375,38.75,67.375,46.5,35.25,33.5,40.42857143,58.875,68.375,45.625,37.625,49.5,41.625,40.25,48.5,36.625,50.5,52.375,29.25,26.25,33.85714286,26.25,33.125,41.75,30.5,36.625,34.875,551310007
-88.232,43.004,48,39.66666667,47.75,73.25,61,34.33333333,38.16666667,31.375,37.5,57.5,62.5,55.375,33.66666667,86.2,99,88,104.875,90.875,48,59.25,75.57142857,78.5,40.125,33.75,34.25,49.5,49.125,44.625,37.875,66.85714286,41.625,44.5,41.875,50.5,60.28571429,57.57142857,54.125,44.875,52.125,44.375,17.75,32.57142857,36.625,54.875,62.875,67.625,53.875,51.625,61.5,67.14285714,74.375,56.28571429,53.625,42.875,25.25,44.5,51.75,87.5,79.25,97.375,42.875,52.125,33.85714286,38.5,58,47.5,36.5,33.875,46.625,52.625,67.375,42.875,33.875,48.75,40.25,37.75,31.14285714,36.5,52.42857143,48.625,27.125,24.25,27.375,18.625,17.75,28.625,16.375,37.625,30.14285714,551330017
-88.529,44.076,41.125,46.125,52.375,65.25,66.625,43.25,46.875,47.875,45.25,59,68.625,57.25,52.375,62.125,88.125,81.625,77.75,47.375,41.5,59.2,64.25,76.625,38.75,35.25,32.25,50.25,49.5,48.85714286,40.5,68.625,39.5,39.25,48.375,NA,NA,NA,NA,NA,NA,NA,NA,NA,38,56.5,63.125,64,50.875,39.28571429,47.25,62.375,74.125,49,47.125,42.75,44.125,43.625,48.875,60.75,61.125,69.375,35.25,47,29.5,38.25,56.5,38.875,35.375,31.25,41.375,60.75,58.25,49.625,36.25,7.75,39.375,31.57142857,38.25,34.375,48.625,46.25,26.625,23.5,31.125,30.375,35.75,36.625,26.375,29.5,34,551390007
